N,N-grama,Freq,ratio,sentimiento
2,una perdida,53,inf,negativo
2,peor compra,72,inf,negativo
2,pésimo no,56,inf,negativo
2,estafa no,110,220.0,negativo
2,malísima calidad,105,210.0,negativo
2,no compréis,88,176.0,negativo
2,timo no,87,174.0,negativo
2,una estafa,342,136.8,negativo
2,mes esperando,122,122.0,negativo
2,nada recomendable,287,114.8,negativo
2,me contestan,56,112.0,negativo
2,llegado aún,55,110.0,negativo
2,engaño no,53,106.0,negativo
2,me devuelvan,158,105.33333333333333,negativo
2,toda regla,50,100.0,negativo
2,esperando y,93,93.0,negativo
2,me devuelven,86,86.0,negativo
2,dinero tirado,337,84.25,negativo
2,tirado a,161,80.5,negativo
2,mi dinero,193,77.2,negativo
2,llegado todavía,70,70.0,negativo
2,devuelvan el,138,69.0,negativo
2,un engaño,270,67.5,negativo
2,entregado y,98,65.33333333333333,negativo
2,un timo,358,65.0909090909091,negativo
2,sigo esperando,225,64.28571428571429,negativo
2,siento engañado,63,63.0,negativo
2,producto nunca,94,62.666666666666664,negativo
2,siento estafado,62,62.0,negativo
2,llegó nunca,60,60.0,negativo
2,muy descontenta,200,57.142857142857146,negativo
2,basura el,56,56.0,negativo
2,entregado pero,55,55.0,negativo
2,puede devolver,54,54.0,negativo
2,esperando no,53,53.0,negativo
2,desastre de,53,53.0,negativo
2,lo compren,52,52.0,negativo
2,como entregado,77,51.333333333333336,negativo
2,doy dos,102,51.0,negativo
2,lo compreis,75,50.0,negativo
2,devuelven el,99,49.5,negativo
2,llegado ni,73,48.666666666666664,negativo
2,muy decepcionada,218,48.44444444444444,negativo
2,basura no,142,47.333333333333336,negativo
2,nunca llego,136,45.333333333333336,negativo
2,dos estrellas,290,44.61538461538461,negativo
2,llegado nada,89,44.5,negativo
2,desastre no,89,44.5,negativo
2,una reclamación,66,44.0,negativo
2,decepción total,87,43.5,negativo
2,es tirar,149,42.57142857142857,negativo
2,un fraude,62,41.333333333333336,negativo
2,llevo esperando,61,40.666666666666664,negativo
2,pésima calidad,181,40.22222222222222,negativo
2,estoy nada,80,40.0,negativo
2,no comprar,219,39.81818181818182,negativo
2,llegado no,158,39.5,negativo
2,tirado el,95,38.0,negativo
2,no vuelvo,110,36.666666666666664,negativo
2,la peor,127,36.285714285714285,negativo
2,muy decepcionado,251,35.857142857142854,negativo
2,dinero ni,53,35.333333333333336,negativo
2,lo compréis,140,35.0,negativo
2,decepcionada no,70,35.0,negativo
2,dinero no,306,34.0,negativo
2,dinero perdido,50,33.333333333333336,negativo
2,ni meses,83,33.2,negativo
2,recomiendo nada,66,33.0,negativo
2,muy descontento,180,32.72727272727273,negativo
2,nunca llegó,309,32.526315789473685,negativo
2,no contesta,80,32.0,negativo
2,meses esperando,64,32.0,negativo
2,sin recibir,64,32.0,negativo
2,estamos a,141,31.333333333333332,negativo
2,devolución el,77,30.8,negativo
2,recibido nada,107,30.571428571428573,negativo
2,horrible no,61,30.5,negativo
2,he tirado,137,30.444444444444443,negativo
2,durado ni,257,30.235294117647058,negativo
2,tirar el,287,30.210526315789473,negativo
2,ni si,75,30.0,negativo
2,pongo dos,73,29.2,negativo
2,producto defectuoso,58,29.0,negativo
2,mala experiencia,130,28.88888888888889,negativo
2,una mierda,187,28.76923076923077,negativo
2,de febrero,112,28.0,negativo
2,devolverlo no,125,27.77777777777778,negativo
2,mal servicio,69,27.6,negativo
2,procedo a,55,27.5,negativo
2,si quiera,82,27.333333333333332,negativo
2,una tomadura,54,27.0,negativo
2,para devolver,67,26.8,negativo
2,e recibido,93,26.571428571428573,negativo
2,no recomendable,239,26.555555555555557,negativo
2,sin funcionar,53,26.5,negativo
2,un fiasco,78,26.0,negativo
2,muy mala,1369,25.830188679245282,negativo
2,calidad pésima,102,25.5,negativo
2,a fecha,51,25.5,negativo
2,han cobrado,101,25.25,negativo
2,llego no,63,25.2,negativo
2,julio y,75,25.0,negativo
2,no recomiendo,848,24.941176470588236,negativo
2,devuelto no,137,24.90909090909091,negativo
2,comprar nada,87,24.857142857142858,negativo
2,de noviembre,99,24.75,negativo
2,haber llegado,156,24.0,negativo
2,fatal no,180,24.0,negativo
2,mala no,131,23.818181818181817,negativo
2,malísimo no,59,23.6,negativo
2,puedo devolverlo,82,23.428571428571427,negativo
2,tomadura de,70,23.333333333333332,negativo
2,mala compra,325,23.214285714285715,negativo
2,descontenta con,104,23.11111111111111,negativo
2,devolución no,136,22.666666666666668,negativo
2,funciona se,56,22.4,negativo
2,sido entregado,88,22.0,negativo
2,nada no,879,21.975,negativo
2,para colmo,120,21.818181818181817,negativo
2,decepcionado no,98,21.77777777777778,negativo
2,reembolso del,65,21.666666666666668,negativo
2,aparece como,65,21.666666666666668,negativo
2,diciembre y,86,21.5,negativo
2,dinero a,96,21.333333333333332,negativo
2,una basura,106,21.2,negativo
2,hoy de,74,21.142857142857142,negativo
2,de abril,105,21.0,negativo
2,es malísima,63,21.0,negativo
2,la basura,701,20.925373134328357,negativo
2,gustó nada,73,20.857142857142858,negativo
2,no aconsejo,92,20.444444444444443,negativo
2,vergüenza que,51,20.4,negativo
2,una decepción,385,20.263157894736842,negativo
2,de junio,81,20.25,negativo
2,gran decepción,111,20.181818181818183,negativo
2,llegado y,262,20.153846153846153,negativo
2,esperando el,161,20.125,negativo
2,el reembolso,342,20.11764705882353,negativo
2,vendedor no,502,20.08,negativo
2,ha entregado,60,20.0,negativo
2,una vergüenza,237,19.75,negativo
2,gustado nada,522,19.69811320754717,negativo
2,funciona ni,59,19.666666666666668,negativo
2,siquiera se,59,19.666666666666668,negativo
2,del dinero,196,19.6,negativo
2,funcionar no,166,19.529411764705884,negativo
2,el peor,125,19.23076923076923,negativo
2,una pérdida,57,19.0,negativo
2,como amazon,57,19.0,negativo
2,malo no,199,18.952380952380953,negativo
2,dinero pero,85,18.88888888888889,negativo
2,de octubre,94,18.8,negativo
2,me mandan,75,18.75,negativo
2,y nadie,103,18.727272727272727,negativo
2,único bueno,103,18.727272727272727,negativo
2,de diciembre,186,18.6,negativo
2,producto ni,83,18.444444444444443,negativo
2,durado menos,55,18.333333333333332,negativo
2,vale nada,55,18.333333333333332,negativo
2,devolver no,137,18.266666666666666,negativo
2,decepción no,73,18.25,negativo
2,devolución del,306,18.0,negativo
2,febrero y,54,18.0,negativo
2,puedo devolver,98,17.818181818181817,negativo
2,no responde,178,17.8,negativo
2,un desastre,547,17.365079365079364,negativo
2,funciona cuando,68,17.0,negativo
2,barato sale,161,16.94736842105263,negativo
2,y sigo,101,16.833333333333332,negativo
2,cuando quiere,84,16.8,negativo
2,muy malo,486,16.75862068965517,negativo
2,de pésima,66,16.5,negativo
2,durado meses,98,16.333333333333332,negativo
2,me dicen,253,16.322580645161292,negativo
2,reembolso y,57,16.285714285714285,negativo
2,sigo sin,122,16.266666666666666,negativo
2,ha partido,122,16.266666666666666,negativo
2,una decepcion,56,16.0,negativo
2,la devuelvo,95,15.833333333333334,negativo
2,devuelvo por,71,15.777777777777779,negativo
2,y roto,55,15.714285714285714,negativo
2,de agosto,102,15.692307692307692,negativo
2,devolver y,94,15.666666666666666,negativo
2,doy una,133,15.647058823529411,negativo
2,nada una,93,15.5,negativo
2,fatal la,62,15.5,negativo
2,y hoy,130,15.294117647058824,negativo
2,nadie me,84,15.272727272727273,negativo
2,a recibir,99,15.23076923076923,negativo
2,enero y,76,15.2,negativo
2,una respuesta,68,15.11111111111111,negativo
2,recibido no,150,15.0,negativo
2,llegado me,60,15.0,negativo
2,han devuelto,194,14.923076923076923,negativo
2,de mayo,82,14.909090909090908,negativo
2,es pésimo,67,14.88888888888889,negativo
2,no conecta,74,14.8,negativo
2,de marzo,96,14.76923076923077,negativo
2,dinero es,51,14.571428571428571,negativo
2,mala calidad,2316,14.475,negativo
2,decepcionado con,165,14.347826086956522,negativo
2,total no,57,14.25,negativo
2,nunca más,99,14.142857142857142,negativo
2,para devolverlo,120,14.117647058823529,negativo
2,llegado el,649,14.108695652173912,negativo
2,recomiendo en,252,14.0,negativo
2,durado dos,77,14.0,negativo
2,lo barato,209,13.933333333333334,negativo
2,recibido y,111,13.875,negativo
2,he solicitado,166,13.833333333333334,negativo
2,malo se,76,13.818181818181818,negativo
2,una verdadera,69,13.8,negativo
2,calidad mala,69,13.8,negativo
2,roto a,69,13.8,negativo
2,he escrito,62,13.777777777777779,negativo
2,cargo de,62,13.777777777777779,negativo
2,muy mal,1277,13.731182795698924,negativo
2,ni por,144,13.714285714285714,negativo
2,una fecha,61,13.555555555555555,negativo
2,devolví el,115,13.529411764705882,negativo
2,el dinero,1812,13.522388059701493,negativo
2,para nada,2287,13.492625368731563,negativo
2,no volveré,317,13.48936170212766,negativo
2,a nadie,262,13.435897435897436,negativo
2,venden como,53,13.25,negativo
2,defectuoso no,53,13.25,negativo
2,estoy esperando,363,13.2,negativo
2,dinero me,59,13.11111111111111,negativo
2,es malísimo,72,13.090909090909092,negativo
2,recibido el,540,13.012048192771084,negativo
2,muy malos,104,13.0,negativo
2,la devolucion,169,13.0,negativo
2,mes me,52,13.0,negativo
2,devolví no,97,12.933333333333334,negativo
2,he seguido,71,12.909090909090908,negativo
2,es pésima,116,12.88888888888889,negativo
2,mal producto,219,12.882352941176471,negativo
2,pongo una,147,12.782608695652174,negativo
2,devuelto el,368,12.689655172413794,negativo
2,uso ha,57,12.666666666666666,negativo
2,me envían,57,12.666666666666666,negativo
2,esperando a,133,12.666666666666666,negativo
2,es mentira,101,12.625,negativo
2,mes no,107,12.588235294117647,negativo
2,enviado un,69,12.545454545454545,negativo
2,abril y,50,12.5,negativo
2,entiendo como,100,12.5,negativo
2,y dejo,50,12.5,negativo
2,llegado roto,106,12.470588235294118,negativo
2,nunca me,498,12.45,negativo
2,mal embalado,62,12.4,negativo
2,mes ya,62,12.4,negativo
2,del importe,99,12.375,negativo
2,funcionar al,86,12.285714285714286,negativo
2,su devolución,110,12.222222222222221,negativo
2,he reclamado,61,12.2,negativo
2,segundo uso,61,12.2,negativo
2,la devolución,1301,12.102325581395348,negativo
2,de contactar,60,12.0,negativo
2,han entregado,114,12.0,negativo
2,descontento con,108,12.0,negativo
2,aún estoy,90,12.0,negativo
2,tan mala,54,12.0,negativo
2,a durado,90,12.0,negativo
2,en devolverlo,60,12.0,negativo
2,experiencia no,72,12.0,negativo
2,no merece,488,11.902439024390244,negativo
2,publicidad engañosa,82,11.714285714285714,negativo
2,entregado el,76,11.692307692307692,negativo
2,esperando que,146,11.68,negativo
2,perdida de,99,11.647058823529411,negativo
2,ha devuelto,64,11.636363636363637,negativo
2,ni dos,87,11.6,negativo
2,devuelto y,138,11.5,negativo
2,solo ha,69,11.5,negativo
2,de julio,114,11.4,negativo
2,dinero lo,57,11.4,negativo
2,a dejado,57,11.4,negativo
2,respuesta del,74,11.384615384615385,negativo
2,de enero,193,11.352941176470589,negativo
2,correos y,51,11.333333333333334,negativo
2,mes el,68,11.333333333333334,negativo
2,a devolver,350,11.290322580645162,negativo
2,está roto,62,11.272727272727273,negativo
2,solicitado la,90,11.25,negativo
2,ni siquiera,544,11.216494845360824,negativo
2,roto no,157,11.214285714285714,negativo
2,sale caro,195,11.142857142857142,negativo
2,he recibido,1732,11.138263665594856,negativo
2,duró un,50,11.11111111111111,negativo
2,llegado una,66,11.0,negativo
2,de devolución,317,10.931034482758621,negativo
2,dura nada,142,10.923076923076923,negativo
2,funcionar a,125,10.869565217391305,negativo
2,llego y,81,10.8,negativo
2,no cumple,518,10.791666666666666,negativo
2,pedido no,232,10.790697674418604,negativo
2,muy baja,307,10.771929824561404,negativo
2,mi pedido,215,10.75,negativo
2,dinero de,59,10.727272727272727,negativo
2,me llegue,107,10.7,negativo
2,muy malas,106,10.6,negativo
2,muy deficiente,53,10.6,negativo
2,devolución la,53,10.6,negativo
2,dejó de,482,10.593406593406593,negativo
2,devolver el,338,10.5625,negativo
2,comprar no,174,10.545454545454545,negativo
2,nada bien,152,10.482758620689655,negativo
2,dejo de,433,10.433734939759036,negativo
2,de funcionar,1615,10.419354838709678,negativo
2,nada ni,140,10.37037037037037,negativo
2,articulo no,57,10.363636363636363,negativo
2,encima no,124,10.333333333333334,negativo
2,contactar con,247,10.291666666666666,negativo
2,dos ocasiones,72,10.285714285714286,negativo
2,devolución y,267,10.26923076923077,negativo
2,una porquería,77,10.266666666666667,negativo
2,amazon que,118,10.26086956521739,negativo
2,no carga,353,10.231884057971014,negativo
2,de dinero,184,10.222222222222221,negativo
2,hemos devuelto,51,10.2,negativo
2,mi producto,51,10.2,negativo
2,nunca lo,107,10.19047619047619,negativo
2,que amazon,214,10.19047619047619,negativo
2,roto al,56,10.181818181818182,negativo
2,ha durado,953,10.084656084656086,negativo
2,no funciona,2745,10.0,negativo
2,que llegar,95,10.0,negativo
2,no vale,1180,10.0,negativo
2,los mensajes,85,10.0,negativo
2,de seguimiento,50,10.0,negativo
2,sigue sin,85,10.0,negativo
2,durado muy,50,10.0,negativo
2,he intentado,215,10.0,negativo
2,había pasado,115,10.0,negativo
2,seis meses,70,10.0,negativo
2,dejado de,756,9.947368421052632,negativo
2,a correos,84,9.882352941176471,negativo
2,fatal el,59,9.833333333333334,negativo
2,devuelto la,59,9.833333333333334,negativo
2,mala la,59,9.833333333333334,negativo
2,ni me,269,9.781818181818181,negativo
2,dinero y,234,9.75,negativo
2,llegué a,78,9.75,negativo
2,funcionar en,78,9.75,negativo
2,funciona no,287,9.728813559322035,negativo
2,me encuentro,111,9.652173913043478,negativo
2,he devuelto,1065,9.638009049773755,negativo
2,lo siento,157,9.515151515151516,negativo
2,no compensa,57,9.5,negativo
2,ninguna manera,57,9.5,negativo
2,dura ni,85,9.444444444444445,negativo
2,llego roto,85,9.444444444444445,negativo
2,no recibí,75,9.375,negativo
2,me llega,201,9.348837209302326,negativo
2,no enciende,84,9.333333333333334,negativo
2,no funcionan,321,9.304347826086957,negativo
2,amazon se,107,9.304347826086957,negativo
2,de septiembre,93,9.3,negativo
2,sirve no,79,9.294117647058824,negativo
2,mes se,106,9.217391304347826,negativo
2,un chasco,69,9.2,negativo
2,el importe,225,9.183673469387756,negativo
2,amazon debería,55,9.166666666666666,negativo
2,este vendedor,307,9.164179104477611,negativo
2,hay forma,164,9.11111111111111,negativo
2,estrella por,100,9.090909090909092,negativo
2,no cortan,50,9.090909090909092,negativo
2,funcionar correctamente,50,9.090909090909092,negativo
2,hoy es,50,9.090909090909092,negativo
2,siento pero,59,9.076923076923077,negativo
2,llegar no,59,9.076923076923077,negativo
2,amazon no,339,9.04,negativo
2,ponerme en,122,9.037037037037036,negativo
2,después no,54,9.0,negativo
2,al mes,279,9.0,negativo
2,no funcionó,90,9.0,negativo
2,roto en,166,8.972972972972974,negativo
2,dejaron de,94,8.952380952380953,negativo
2,decepcionada con,94,8.952380952380953,negativo
2,han mandado,179,8.95,negativo
2,de vuelta,85,8.947368421052632,negativo
2,nadie se,67,8.933333333333334,negativo
2,simplemente no,67,8.933333333333334,negativo
2,encima me,67,8.933333333333334,negativo
2,devolverlo y,116,8.923076923076923,negativo
2,dinero la,58,8.923076923076923,negativo
2,llegado es,58,8.923076923076923,negativo
2,nada se,254,8.912280701754385,negativo
2,dijeron que,178,8.9,negativo
2,funcionaba bien,129,8.89655172413793,negativo
2,devolvieron el,301,8.852941176470589,negativo
2,fatal y,66,8.8,negativo
2,un auricular,79,8.777777777777779,negativo
2,el periodo,57,8.76923076923077,negativo
2,una estrella,411,8.74468085106383,negativo
2,no pega,306,8.742857142857142,negativo
2,devolver la,61,8.714285714285714,negativo
2,estrella porque,209,8.708333333333334,negativo
2,semana no,74,8.705882352941176,negativo
2,han pasado,139,8.6875,negativo
2,lo devuelvo,338,8.666666666666666,negativo
2,llegó me,52,8.666666666666666,negativo
2,auricular derecho,52,8.666666666666666,negativo
2,devolví sin,52,8.666666666666666,negativo
2,en garantía,82,8.631578947368421,negativo
2,durado nada,56,8.615384615384615,negativo
2,me pone,99,8.608695652173912,negativo
2,me devolvieron,305,8.591549295774648,negativo
2,ningún golpe,73,8.588235294117647,negativo
2,empezo a,64,8.533333333333333,negativo
2,en absoluto,404,8.505263157894737,negativo
2,semanas no,51,8.5,negativo
2,recomiendo no,403,8.48421052631579,negativo
2,ha dejado,666,8.48407643312102,negativo
2,y mal,123,8.482758620689655,negativo
2,me dice,224,8.452830188679245,negativo
2,comprar algo,76,8.444444444444445,negativo
2,tercer día,59,8.428571428571429,negativo
2,me reembolsaron,59,8.428571428571429,negativo
2,ninguno de,143,8.411764705882353,negativo
2,no sirve,1294,8.402597402597403,negativo
2,hace días,63,8.4,negativo
2,nada he,63,8.4,negativo
2,pedido el,151,8.38888888888889,negativo
2,y amazon,130,8.387096774193548,negativo
2,una devolución,130,8.387096774193548,negativo
2,que ni,197,8.382978723404255,negativo
2,esperando la,67,8.375,negativo
2,hay manera,301,8.36111111111111,negativo
2,funcionar y,146,8.342857142857143,negativo
2,porque nunca,50,8.333333333333334,negativo
2,roto muy,50,8.333333333333334,negativo
2,mi paquete,54,8.307692307692308,negativo
2,no volveria,54,8.307692307692308,negativo
2,ninguna de,108,8.307692307692308,negativo
2,hoy me,54,8.307692307692308,negativo
2,llegado la,141,8.294117647058824,negativo
2,no cumplen,74,8.222222222222221,negativo
2,rota la,86,8.19047619047619,negativo
2,dos meses,657,8.161490683229813,negativo
2,muy inestable,53,8.153846153846153,negativo
2,a de,114,8.142857142857142,negativo
2,muy feo,65,8.125,negativo
2,no llego,211,8.115384615384615,negativo
2,meses ha,85,8.095238095238095,negativo
2,periodo de,89,8.090909090909092,negativo
2,llegó y,101,8.08,negativo
2,a devolverlo,129,8.0625,negativo
2,no corresponde,302,8.053333333333333,negativo
2,pena no,153,8.052631578947368,negativo
2,gusta nada,161,8.05,negativo
2,y ni,304,8.0,negativo
2,esta empresa,64,8.0,negativo
2,buenas opiniones,64,8.0,negativo
2,todavía estoy,64,8.0,negativo
2,no funcionaba,531,7.984962406015038,negativo
2,en mal,291,7.972602739726027,negativo
2,hoy no,99,7.92,negativo
2,recibido la,91,7.913043478260869,negativo
2,meses después,91,7.913043478260869,negativo
2,lo devolveré,83,7.904761904761905,negativo
2,de nada,482,7.901639344262295,negativo
2,meses no,154,7.897435897435898,negativo
2,retraso y,75,7.894736842105263,negativo
2,peor de,142,7.888888888888889,negativo
2,me siento,264,7.880597014925373,negativo
2,mal acabado,63,7.875,negativo
2,enviado el,59,7.866666666666666,negativo
2,lo entiendo,55,7.857142857142857,negativo
2,bastante malo,106,7.851851851851852,negativo
2,mal estado,349,7.842696629213483,negativo
2,una mala,133,7.823529411764706,negativo
2,nada un,82,7.809523809523809,negativo
2,llegó no,78,7.8,negativo
2,ha rajado,74,7.7894736842105265,negativo
2,nada lo,264,7.764705882352941,negativo
2,un correo,97,7.76,negativo
2,dinero para,62,7.75,negativo
2,artículo no,85,7.7272727272727275,negativo
2,de mes,135,7.714285714285714,negativo
2,llegado pero,50,7.6923076923076925,negativo
2,al segundo,250,7.6923076923076925,negativo
2,roto la,219,7.684210526315789,negativo
2,muy cutre,61,7.625,negativo
2,despega y,53,7.571428571428571,negativo
2,producto no,1418,7.562666666666667,negativo
2,dicen que,436,7.517241379310345,negativo
2,dinero el,75,7.5,negativo
2,los devolví,75,7.5,negativo
2,mes que,116,7.483870967741935,negativo
2,amazon para,101,7.481481481481482,negativo
2,nada las,86,7.478260869565218,negativo
2,empezó a,358,7.458333333333333,negativo
2,la devolví,220,7.4576271186440675,negativo
2,ni el,343,7.456521739130435,negativo
2,a llegar,93,7.44,negativo
2,me dan,130,7.428571428571429,negativo
2,pasado el,115,7.419354838709677,negativo
2,y comprar,115,7.419354838709677,negativo
2,la garantía,241,7.415384615384616,negativo
2,rotas y,63,7.411764705882353,negativo
2,al intentar,137,7.405405405405405,negativo
2,a amazon,333,7.4,negativo
2,comprarlo no,74,7.4,negativo
2,durado un,85,7.391304347826087,negativo
2,han enviado,325,7.386363636363637,negativo
2,defectuoso y,96,7.384615384615385,negativo
2,donde esta,70,7.368421052631579,negativo
2,endeble no,70,7.368421052631579,negativo
2,y nada,464,7.365079365079365,negativo
2,baja calidad,567,7.363636363636363,negativo
2,se rompio,162,7.363636363636363,negativo
2,se estropeó,121,7.333333333333333,negativo
2,es horrible,95,7.3076923076923075,negativo
2,a encender,62,7.294117647058823,negativo
2,y dinero,51,7.285714285714286,negativo
2,ni con,236,7.2615384615384615,negativo
2,una auténtica,98,7.2592592592592595,negativo
2,al tercer,87,7.25,negativo
2,se despegó,145,7.25,negativo
2,este proveedor,58,7.25,negativo
2,paquete y,192,7.245283018867925,negativo
2,devuelvo porque,141,7.230769230769231,negativo
2,un reembolso,65,7.222222222222222,negativo
2,y nunca,249,7.217391304347826,negativo
2,mi sorpresa,220,7.213114754098361,negativo
2,funcionar el,144,7.2,negativo
2,estaba roto,115,7.1875,negativo
2,muy pobre,97,7.185185185185185,negativo
2,mes y,535,7.181208053691275,negativo
2,signos de,61,7.176470588235294,negativo
2,que devolverla,118,7.151515151515151,negativo
2,producto venía,50,7.142857142857143,negativo
2,sin precinto,50,7.142857142857143,negativo
2,no y,50,7.142857142857143,negativo
2,abierto el,50,7.142857142857143,negativo
2,la agencia,57,7.125,negativo
2,el seguimiento,57,7.125,negativo
2,fin no,57,7.125,negativo
2,que tirar,153,7.116279069767442,negativo
2,euros por,64,7.111111111111111,negativo
2,no volvería,234,7.090909090909091,negativo
2,minutos de,124,7.085714285714285,negativo
2,servido de,53,7.066666666666666,negativo
2,imposible de,173,7.061224489795919,negativo
2,funciona lo,95,7.037037037037037,negativo
2,nada ya,63,7.0,negativo
2,lo compres,56,7.0,negativo
2,garantía y,63,7.0,negativo
2,opinar porque,73,6.9523809523809526,negativo
2,una lástima,205,6.9491525423728815,negativo
2,han durado,257,6.945945945945946,negativo
2,semana ya,59,6.9411764705882355,negativo
2,roto por,170,6.938775510204081,negativo
2,hacerlo funcionar,52,6.933333333333334,negativo
2,una empresa,52,6.933333333333334,negativo
2,he pagado,121,6.914285714285715,negativo
2,segundo día,190,6.909090909090909,negativo
2,táctil no,86,6.88,negativo
2,dos usos,55,6.875,negativo
2,pérdida de,113,6.848484848484849,negativo
2,y todavía,178,6.846153846153846,negativo
2,devolverlo pero,65,6.842105263157895,negativo
2,sido usado,65,6.842105263157895,negativo
2,volvió a,82,6.833333333333333,negativo
2,es imposible,440,6.821705426356589,negativo
2,ni a,167,6.816326530612245,negativo
2,diciendo que,102,6.8,negativo
2,nada solo,68,6.8,negativo
2,supone que,323,6.8,negativo
2,ha estropeado,153,6.8,negativo
2,nada la,336,6.787878787878788,negativo
2,fecha de,440,6.769230769230769,negativo
2,mismo problema,88,6.769230769230769,negativo
2,de espera,125,6.756756756756757,negativo
2,final tuve,54,6.75,negativo
2,la garantia,54,6.75,negativo
2,devolución pero,54,6.75,negativo
2,en apenas,54,6.75,negativo
2,nada a,209,6.741935483870968,negativo
2,ha roto,927,6.741818181818182,negativo
2,resulta que,256,6.7368421052631575,negativo
2,los minutos,128,6.7368421052631575,negativo
2,me funcionó,64,6.7368421052631575,negativo
2,estoy a,84,6.72,negativo
2,se fue,57,6.705882352941177,negativo
2,peor no,57,6.705882352941177,negativo
2,claramente que,67,6.7,negativo
2,semanas se,87,6.6923076923076925,negativo
2,tres meses,204,6.688524590163935,negativo
2,lo devolví,645,6.683937823834197,negativo
2,te envían,50,6.666666666666667,negativo
2,si llega,50,6.666666666666667,negativo
2,paquete el,50,6.666666666666667,negativo
2,y encima,463,6.661870503597123,negativo
2,han dejado,143,6.651162790697675,negativo
2,no aguantan,63,6.631578947368421,negativo
2,por segunda,53,6.625,negativo
2,los pedidos,53,6.625,negativo
2,primera semana,66,6.6,negativo
2,devolverlo por,56,6.588235294117647,negativo
2,pone que,517,6.585987261146497,negativo
2,malas condiciones,69,6.571428571428571,negativo
2,bastante mala,138,6.571428571428571,negativo
2,ya ni,69,6.571428571428571,negativo
2,meses el,82,6.56,negativo
2,se supone,364,6.558558558558558,negativo
2,lo devolvi,111,6.529411764705882,negativo
2,vuelvo a,238,6.52054794520548,negativo
2,que llegue,163,6.52,negativo
2,he perdido,101,6.516129032258065,negativo
2,no ha,1675,6.504854368932039,negativo
2,tarde y,143,6.5,negativo
2,con golpes,52,6.5,negativo
2,la gana,81,6.48,negativo
2,se empezó,68,6.476190476190476,negativo
2,pedido y,291,6.466666666666667,negativo
2,no cargaba,58,6.444444444444445,negativo
2,sido imposible,58,6.444444444444445,negativo
2,duran nada,58,6.444444444444445,negativo
2,semana de,248,6.441558441558442,negativo
2,que devolver,755,6.425531914893617,negativo
2,llega el,106,6.424242424242424,negativo
2,un mes,1760,6.423357664233577,negativo
2,lástima porque,77,6.416666666666667,negativo
2,devolución de,93,6.413793103448276,negativo
2,se partió,144,6.4,negativo
2,caro no,96,6.4,negativo
2,había sido,80,6.4,negativo
2,que pagar,134,6.380952380952381,negativo
2,hacer nada,86,6.37037037037037,negativo
2,se perdió,70,6.363636363636363,negativo
2,de repente,162,6.352941176470588,negativo
2,te mandan,54,6.352941176470588,negativo
2,estaba rota,92,6.344827586206897,negativo
2,muy incómodo,111,6.3428571428571425,negativo
2,no decir,57,6.333333333333333,negativo
2,devolverlo porque,114,6.333333333333333,negativo
2,lo han,421,6.330827067669173,negativo
2,los gastos,174,6.327272727272727,negativo
2,por tres,136,6.325581395348837,negativo
2,rota no,79,6.32,negativo
2,lo siguiente,60,6.315789473684211,negativo
2,pinta pero,110,6.285714285714286,negativo
2,perdido el,88,6.285714285714286,negativo
2,mes de,439,6.271428571428571,negativo
2,de ninguna,94,6.266666666666667,negativo
2,semana se,94,6.266666666666667,negativo
2,y pico,50,6.25,negativo
2,decepcionado la,50,6.25,negativo
2,otro vendedor,50,6.25,negativo
2,vale para,733,6.238297872340426,negativo
2,vuelven a,59,6.2105263157894735,negativo
2,mensaje de,59,6.2105263157894735,negativo
2,de mala,624,6.208955223880597,negativo
2,al poco,478,6.207792207792208,negativo
2,no reconoce,90,6.206896551724138,negativo
2,roto el,242,6.205128205128205,negativo
2,compra no,276,6.202247191011236,negativo
2,este pedido,93,6.2,negativo
2,gracias no,96,6.193548387096774,negativo
2,tercera vez,65,6.190476190476191,negativo
2,me pongo,65,6.190476190476191,negativo
2,rompió a,99,6.1875,negativo
2,recibir el,201,6.184615384615385,negativo
2,pero nunca,77,6.16,negativo
2,gustado no,77,6.16,negativo
2,vino roto,80,6.153846153846154,negativo
2,perder el,98,6.125,negativo
2,vino rota,52,6.117647058823529,negativo
2,recibirlo y,52,6.117647058823529,negativo
2,nada el,370,6.115702479338843,negativo
2,producto nuevo,55,6.111111111111111,negativo
2,paquete se,58,6.105263157894737,negativo
2,a roto,61,6.1,negativo
2,funciona la,186,6.098360655737705,negativo
2,meses me,64,6.095238095238095,negativo
2,nada al,140,6.086956521739131,negativo
2,meses se,213,6.085714285714285,negativo
2,ido a,76,6.08,negativo
2,que devolverlo,316,6.076923076923077,negativo
2,los meses,337,6.072072072072072,negativo
2,solo funciona,106,6.057142857142857,negativo
2,llego la,60,6.0,negativo
2,devolución por,51,6.0,negativo
2,pierde agua,72,6.0,negativo
2,me toca,69,6.0,negativo
2,roto una,86,5.931034482758621,negativo
2,devolví por,71,5.916666666666667,negativo
2,ni caso,62,5.904761904761905,negativo
2,no valen,183,5.903225806451613,negativo
2,ni lo,180,5.901639344262295,negativo
2,funcionaba el,53,5.888888888888889,negativo
2,sucio y,50,5.882352941176471,negativo
2,dia de,188,5.875,negativo
2,nada con,94,5.875,negativo
2,no han,311,5.867924528301887,negativo
2,absolutamente nada,117,5.85,negativo
2,rota y,272,5.849462365591398,negativo
2,mala y,73,5.84,negativo
2,han roto,213,5.835616438356165,negativo
2,al vendedor,318,5.834862385321101,negativo
2,a llegado,350,5.833333333333333,negativo
2,devolver por,70,5.833333333333333,negativo
2,contacto y,67,5.826086956521739,negativo
2,la semana,387,5.819548872180451,negativo
2,no sirven,285,5.816326530612245,negativo
2,una unidad,61,5.809523809523809,negativo
2,que recibí,61,5.809523809523809,negativo
2,a recoger,55,5.7894736842105265,negativo
2,peor que,211,5.780821917808219,negativo
2,bastante mal,78,5.777777777777778,negativo
2,funcionaba y,75,5.769230769230769,negativo
2,ha podido,75,5.769230769230769,negativo
2,protector no,147,5.764705882352941,negativo
2,roto y,314,5.761467889908257,negativo
2,no coincide,144,5.76,negativo
2,cliente de,72,5.76,negativo
2,un mensaje,138,5.75,negativo
2,no llegó,227,5.746835443037975,negativo
2,principio muy,66,5.739130434782608,negativo
2,no voy,132,5.739130434782608,negativo
2,se hizo,66,5.739130434782608,negativo
2,primer uso,223,5.717948717948718,negativo
2,amazon me,277,5.711340206185567,negativo
2,y pone,57,5.7,negativo
2,vendedor y,416,5.698630136986301,negativo
2,no estoy,433,5.697368421052632,negativo
2,producto porque,202,5.690140845070423,negativo
2,otro producto,128,5.688888888888889,negativo
2,hace nada,182,5.6875,negativo
2,días no,145,5.686274509803922,negativo
2,meses ya,105,5.675675675675675,negativo
2,con amazon,312,5.672727272727273,negativo
2,meses la,99,5.6571428571428575,negativo
2,despega con,65,5.6521739130434785,negativo
2,mal no,288,5.647058823529412,negativo
2,mal que,310,5.636363636363637,negativo
2,estaba mal,62,5.636363636363637,negativo
2,nada son,62,5.636363636363637,negativo
2,precinto de,62,5.636363636363637,negativo
2,del de,59,5.619047619047619,negativo
2,las semanas,87,5.612903225806452,negativo
2,días después,129,5.608695652173913,negativo
2,ni una,297,5.60377358490566,negativo
2,a enviar,84,5.6,negativo
2,se rompieron,126,5.6,negativo
2,a fallar,182,5.6,negativo
2,muy débil,112,5.6,negativo
2,le entra,56,5.6,negativo
2,ni un,436,5.589743589743589,negativo
2,pena porque,324,5.586206896551724,negativo
2,ni para,148,5.584905660377358,negativo
2,segundo dia,53,5.578947368421052,negativo
2,que haber,145,5.576923076923077,negativo
2,se a,184,5.575757575757576,negativo
2,solo no,78,5.571428571428571,negativo
2,me duró,206,5.5675675675675675,negativo
2,la mala,103,5.5675675675675675,negativo
2,dinero en,139,5.56,negativo
2,es asi,75,5.555555555555555,negativo
2,podido usar,50,5.555555555555555,negativo
2,las buenas,86,5.548387096774194,negativo
2,caja abierta,61,5.545454545454546,negativo
2,al servicio,61,5.545454545454546,negativo
2,devuelto por,119,5.534883720930233,negativo
2,fui a,83,5.533333333333333,negativo
2,unas veces,58,5.523809523809524,negativo
2,hablar con,69,5.52,negativo
2,facilidad no,91,5.515151515151516,negativo
2,de devolver,55,5.5,negativo
2,tiene fuerza,77,5.5,negativo
2,días el,88,5.5,negativo
2,devolvió el,96,5.485714285714286,negativo
2,pedido por,52,5.473684210526316,negativo
2,no cumplió,52,5.473684210526316,negativo
2,no repetiré,52,5.473684210526316,negativo
2,ha empezado,161,5.4576271186440675,negativo
2,me an,60,5.454545454545454,negativo
2,mala suerte,150,5.454545454545454,negativo
2,nada como,60,5.454545454545454,negativo
2,ha pasado,449,5.442424242424242,negativo
2,de tenerlo,87,5.4375,negativo
2,en fin,424,5.435897435897436,negativo
2,al abrirlo,130,5.416666666666667,negativo
2,no corta,92,5.411764705882353,negativo
2,se había,165,5.409836065573771,negativo
2,meses en,54,5.4,negativo
2,va y,54,5.4,negativo
2,pocos meses,140,5.384615384615385,negativo
2,mismo día,148,5.381818181818182,negativo
2,mismo no,113,5.380952380952381,negativo
2,sólo me,78,5.379310344827586,negativo
2,dijo que,110,5.365853658536586,negativo
2,se rompió,850,5.345911949685535,negativo
2,nada me,149,5.321428571428571,negativo
2,comprar a,117,5.318181818181818,negativo
2,gastos de,226,5.317647058823529,negativo
2,ya no,1834,5.315942028985507,negativo
2,me dijo,101,5.315789473684211,negativo
2,dos semanas,340,5.3125,negativo
2,no detecta,77,5.310344827586207,negativo
2,valorar el,69,5.3076923076923075,negativo
2,nada los,61,5.304347826086956,negativo
2,de garantía,98,5.297297297297297,negativo
2,dos veces,516,5.292307692307692,negativo
2,se despega,520,5.279187817258883,negativo
2,ponía que,150,5.2631578947368425,negativo
2,en malas,50,5.2631578947368425,negativo
2,no funcionaban,50,5.2631578947368425,negativo
2,vendedor en,50,5.2631578947368425,negativo
2,no entiendo,384,5.260273972602739,negativo
2,puedo valorar,176,5.253731343283582,negativo
2,devuelto porque,181,5.246376811594203,negativo
2,piezas no,97,5.243243243243243,negativo
2,igual no,76,5.241379310344827,negativo
2,hecho no,55,5.238095238095238,negativo
2,caja rota,89,5.235294117647059,negativo
2,al primer,157,5.233333333333333,negativo
2,tanto no,209,5.225,negativo
2,rompió el,175,5.223880597014926,negativo
2,no pude,216,5.204819277108434,negativo
2,pedido a,52,5.2,negativo
2,venía sin,91,5.2,negativo
2,una copia,65,5.2,negativo
2,a saber,109,5.190476190476191,negativo
2,muchos problemas,70,5.185185185185185,negativo
2,lo voy,267,5.184466019417476,negativo
2,lo envían,57,5.181818181818182,negativo
2,devolví y,114,5.181818181818182,negativo
2,rompe con,145,5.178571428571429,negativo
2,no lo,7321,5.1775106082036775,negativo
2,no sujeta,80,5.161290322580645,negativo
2,los chinos,129,5.16,negativo
2,compré pensando,67,5.153846153846154,negativo
2,se corresponden,67,5.153846153846154,negativo
2,ni la,273,5.150943396226415,negativo
2,me dijeron,211,5.146341463414634,negativo
2,abierto y,216,5.142857142857143,negativo
2,descripción pone,72,5.142857142857143,negativo
2,funciona el,262,5.137254901960785,negativo
2,pocas semanas,59,5.130434782608695,negativo
2,ya ha,105,5.121951219512195,negativo
2,sin cubrir,64,5.12,negativo
2,cuando he,64,5.12,negativo
2,buenos días,92,5.111111111111111,negativo
2,por todas,92,5.111111111111111,negativo
2,resultado no,69,5.111111111111111,negativo
2,un pedido,97,5.105263157894737,negativo
2,pensando que,222,5.103448275862069,negativo
2,compañía de,51,5.1,negativo
2,sin poder,56,5.090909090909091,negativo
2,menos mal,257,5.089108910891089,negativo
2,devolver porque,206,5.08641975308642,negativo
2,no pegan,89,5.085714285714285,negativo
2,en meses,99,5.076923076923077,negativo
2,he pedido,416,5.073170731707317,negativo
2,golpe en,71,5.071428571428571,negativo
2,no estaban,53,5.0476190476190474,negativo
2,no debe,53,5.0476190476190474,negativo
2,empezaron a,73,5.0344827586206895,negativo
2,una pena,1112,5.031674208144796,negativo
2,de cargar,168,5.014925373134329,negativo
2,tiene nada,323,5.007751937984496,negativo
2,ni los,95,5.0,negativo
2,cuanto lo,60,5.0,negativo
2,pasa lo,65,5.0,negativo
2,se bloquea,75,5.0,negativo
2,pedido la,85,5.0,negativo
2,muy tarde,55,5.0,negativo
2,doy tres,65,130.0,neutro
2,tres estrellas,184,61.333333333333336,neutro
2,pongo tres,50,33.333333333333336,neutro
2,y recomendable,53,106.0,positivo
2,envidiar a,90,90.0,positivo
2,recomiendo totalmente,132,88.0,positivo
2,excelente producto,165,66.0,positivo
2,encantado es,132,66.0,positivo
2,precio estupendo,63,63.0,positivo
2,totalmente recomendable,282,62.666666666666664,positivo
2,esta encantado,58,58.0,positivo
2,excelente relación,112,56.0,positivo
2,compra buena,77,51.333333333333336,positivo
2,recomendable cumple,51,51.0,positivo
2,compra recomendada,51,51.0,positivo
2,que envidiar,101,50.5,positivo
2,perfecto calidad,50,50.0,positivo
2,estoy encantada,333,44.4,positivo
2,recomiendo buena,65,43.333333333333336,positivo
2,encantado muy,65,43.333333333333336,positivo
2,perfecto tal,102,40.8,positivo
2,recomiendo sin,130,37.142857142857146,positivo
2,perfecto funciona,53,35.333333333333336,positivo
2,sorprendido gratamente,70,35.0,positivo
2,perfecta muy,69,34.5,positivo
2,compra perfecta,51,34.0,positivo
2,ok ok,59,29.5,positivo
2,precio perfecta,58,29.0,positivo
2,compra buen,72,28.8,positivo
2,cumplen perfectamente,57,28.5,positivo
2,perfecto buena,95,27.142857142857142,positivo
2,un acierto,298,27.09090909090909,positivo
2,calidad perfecto,53,26.5,positivo
2,regalo perfecto,51,25.5,positivo
2,muy recomendable,978,24.759493670886076,positivo
2,muy recomendables,73,24.333333333333332,positivo
2,muy recomendado,59,23.6,positivo
2,no defrauda,59,23.6,positivo
2,estoy encantado,153,23.53846153846154,positivo
2,recomendable y,70,23.333333333333332,positivo
2,recomendable muy,139,23.166666666666668,positivo
2,encanta este,69,23.0,positivo
2,precio inmejorable,145,22.307692307692307,positivo
2,encantado la,89,22.25,positivo
2,perfectamente muy,100,22.22222222222222,positivo
2,precio buen,100,22.22222222222222,positivo
2,precio perfecto,116,21.09090909090909,positivo
2,cuatro estrellas,52,20.8,positivo
2,y excelente,52,20.8,positivo
2,gran compra,124,20.666666666666668,positivo
2,me encanto,51,20.4,positivo
2,amantes de,51,20.4,positivo
2,está encantado,161,20.125,positivo
2,muy contentos,170,20.0,positivo
2,ajustan perfectamente,59,19.666666666666668,positivo
2,funciona genial,116,19.333333333333332,positivo
2,precio excelente,125,19.23076923076923,positivo
2,ha encantado,1057,19.21818181818182,positivo
2,genial muy,163,19.176470588235293,positivo
2,gusta todo,66,18.857142857142858,positivo
2,perfecto para,1278,18.388489208633093,positivo
2,duda lo,98,17.818181818181817,positivo
2,los amantes,62,17.714285714285715,positivo
2,está encantada,212,17.666666666666668,positivo
2,encantada con,361,17.609756097560975,positivo
2,excelente para,70,17.5,positivo
2,perfectamente su,235,17.40740740740741,positivo
2,perfecto muy,225,17.307692307692307,positivo
2,justo lo,683,17.075,positivo
2,recomiendo buen,51,17.0,positivo
2,comprarlo sin,51,17.0,positivo
2,muy satisfecho,312,16.864864864864863,positivo
2,cualquier lugar,50,16.666666666666668,positivo
2,encanta es,124,16.533333333333335,positivo
2,perfecto cumple,65,16.25,positivo
2,comprar sin,135,15.882352941176471,positivo
2,cumple todas,79,15.8,positivo
2,gran producto,71,15.777777777777779,positivo
2,excelente calidad,197,15.76,positivo
2,esta encantada,63,15.75,positivo
2,perfectos para,133,15.647058823529411,positivo
2,encanta lo,70,15.555555555555555,positivo
2,perfecto me,139,15.444444444444445,positivo
2,y perfecta,54,15.428571428571429,positivo
2,compra recomendable,77,15.4,positivo
2,bien perfecto,84,15.272727272727273,positivo
2,quedan genial,61,15.25,positivo
2,perfecta para,515,15.147058823529411,positivo
2,y aguantan,53,15.142857142857142,positivo
2,encantado con,255,14.571428571428571,positivo
2,producto buen,58,14.5,positivo
2,pero merece,65,14.444444444444445,positivo
2,encantado el,122,14.352941176470589,positivo
2,perfectas para,127,14.11111111111111,positivo
2,por ponerle,154,14.0,positivo
2,cumple perfectamente,460,13.93939393939394,positivo
2,contentos con,152,13.818181818181818,positivo
2,compra cumple,62,13.777777777777779,positivo
2,a encantado,62,13.777777777777779,positivo
2,muy manejable,123,13.666666666666666,positivo
2,calidad cumple,68,13.6,positivo
2,precio genial,108,13.5,positivo
2,y buena,444,13.253731343283581,positivo
2,sin dudarlo,92,13.142857142857142,positivo
2,encantado y,98,13.066666666666666,positivo
2,y perfecto,179,12.785714285714286,positivo
2,muy contento,1180,12.756756756756756,positivo
2,sorprendido la,51,12.75,positivo
2,genial es,152,12.666666666666666,positivo
2,tamaño ideal,113,12.555555555555555,positivo
2,perfectamente se,62,12.4,positivo
2,muy contenta,1099,12.348314606741573,positivo
2,gustado todo,86,12.285714285714286,positivo
2,alguna pega,96,12.0,positivo
2,recomendable me,89,11.866666666666667,positivo
2,que aceptable,77,11.846153846153847,positivo
2,viene genial,65,11.818181818181818,positivo
2,precio todo,59,11.8,positivo
2,son perfectas,112,11.789473684210526,positivo
2,una excelente,53,11.777777777777779,positivo
2,buena compra,1364,11.658119658119658,positivo
2,momento muy,134,11.652173913043478,positivo
2,han encantado,128,11.636363636363637,positivo
2,y buen,533,11.58695652173913,positivo
2,buena elección,52,11.555555555555555,positivo
2,estamos contentos,52,11.555555555555555,positivo
2,perfectamente las,75,11.538461538461538,positivo
2,genial para,328,11.508771929824562,positivo
2,elegante y,195,11.470588235294118,positivo
2,perfecto buen,57,11.4,positivo
2,ideales para,125,11.363636363636363,positivo
2,mundo de,51,11.333333333333334,positivo
2,ayuda mucho,51,11.333333333333334,positivo
2,me encantan,209,11.297297297297296,positivo
2,hija está,73,11.23076923076923,positivo
2,rápido muy,73,11.23076923076923,positivo
2,me encanta,1173,11.224880382775119,positivo
2,y duradero,67,11.166666666666666,positivo
2,genial me,100,11.11111111111111,positivo
2,perfectas y,50,11.11111111111111,positivo
2,genial lo,127,11.043478260869565,positivo
2,encanta y,110,11.0,positivo
2,encantado lo,55,11.0,positivo
2,calidad excelente,82,10.933333333333334,positivo
2,genial se,82,10.933333333333334,positivo
2,todas mis,87,10.875,positivo
2,momento todo,125,10.869565217391305,positivo
2,buen regalo,65,10.833333333333334,positivo
2,encantados con,70,10.76923076923077,positivo
2,producto excelente,59,10.727272727272727,positivo
2,ideal para,966,10.615384615384615,positivo
2,todo perfecto,930,10.568181818181818,positivo
2,tamaño perfecto,264,10.56,positivo
2,muy practico,264,10.56,positivo
2,muy buen,1642,10.559485530546624,positivo
2,adaptan perfectamente,58,10.545454545454545,positivo
2,manejable y,78,10.4,positivo
2,ha sorprendido,312,10.4,positivo
2,es inmejorable,52,10.4,positivo
2,le encantó,321,10.35483870967742,positivo
2,producto buena,67,10.307692307692308,positivo
2,a buen,344,10.26865671641791,positivo
2,precio recomendable,61,10.166666666666666,positivo
2,son perfectos,127,10.16,positivo
2,buena relación,1068,10.123222748815166,positivo
2,producto tal,101,10.1,positivo
2,precio buena,240,10.0,positivo
2,hijo está,70,10.0,positivo
2,fácil manejo,70,10.0,positivo
2,todo genial,119,9.916666666666666,positivo
2,perfecto y,587,9.865546218487395,positivo
2,duda alguna,54,9.818181818181818,positivo
2,perfecto es,206,9.80952380952381,positivo
2,muy satisfecha,196,9.8,positivo
2,momento va,107,9.727272727272727,positivo
2,la perfeccion,102,9.714285714285714,positivo
2,encanta la,136,9.714285714285714,positivo
2,acopla perfectamente,53,9.636363636363637,positivo
2,cabe perfectamente,53,9.636363636363637,positivo
2,buena relacion,147,9.483870967741936,positivo
2,super rápido,99,9.428571428571429,positivo
2,contenta con,1019,9.391705069124423,positivo
2,compra muy,257,9.345454545454546,positivo
2,y rapido,70,9.333333333333334,positivo
2,va perfectamente,51,9.272727272727273,positivo
2,muy completa,120,9.23076923076923,positivo
2,adapta perfectamente,327,9.211267605633802,positivo
2,satisfecho con,359,9.205128205128204,positivo
2,estamos muy,101,9.181818181818182,positivo
2,perfectos y,50,9.090909090909092,positivo
2,estupendo para,59,9.076923076923077,positivo
2,práctico y,313,9.072463768115941,positivo
2,y genial,86,9.052631578947368,positivo
2,cumple muy,99,9.0,positivo
2,precio razonable,90,9.0,positivo
2,muy elegante,166,8.972972972972974,positivo
2,super bien,142,8.875,positivo
2,queda genial,177,8.85,positivo
2,gran variedad,53,8.833333333333334,positivo
2,precio muy,938,8.807511737089202,positivo
2,perfecta y,170,8.717948717948717,positivo
2,estaba buscando,183,8.714285714285714,positivo
2,muy divertido,183,8.714285714285714,positivo
2,recomiendo mucho,61,8.714285714285714,positivo
2,va genial,326,8.693333333333333,positivo
2,muy completo,364,8.666666666666666,positivo
2,buen precio,1375,8.647798742138365,positivo
2,muy interesante,147,8.647058823529411,positivo
2,sin duda,880,8.585365853658537,positivo
2,perfectamente sin,60,8.571428571428571,positivo
2,perfectamente a,325,8.552631578947368,positivo
2,les encanta,124,8.551724137931034,positivo
2,funcionan perfectamente,141,8.545454545454545,positivo
2,precioso y,111,8.538461538461538,positivo
2,muy entretenido,149,8.514285714285714,positivo
2,buscaba para,51,8.5,positivo
2,y resistentes,68,8.5,positivo
2,buen vendedor,51,8.5,positivo
2,contenta es,55,8.461538461538462,positivo
2,perfectamente y,601,8.405594405594405,positivo
2,perfectamente con,336,8.4,positivo
2,son ideales,63,8.4,positivo
2,momento estoy,88,8.380952380952381,positivo
2,perfecto lo,226,8.37037037037037,positivo
2,de maravilla,377,8.285714285714286,positivo
2,muy competitivo,58,8.285714285714286,positivo
2,y divertido,62,8.266666666666667,positivo
2,cualquier sitio,132,8.25,positivo
2,cumple a,74,8.222222222222221,positivo
2,producto perfecto,123,8.2,positivo
2,que suficiente,151,8.162162162162161,positivo
2,esperado muy,53,8.153846153846153,positivo
2,único pero,216,8.150943396226415,positivo
2,genial y,293,8.13888888888889,positivo
2,y comodo,61,8.133333333333333,positivo
2,y gran,61,8.133333333333333,positivo
2,y producto,69,8.117647058823529,positivo
2,encanta el,185,8.043478260869565,positivo
2,es justo,269,8.029850746268657,positivo
2,le encantan,84,8.0,positivo
2,poner alguna,52,8.0,positivo
2,cómodas y,152,8.0,positivo
2,envio rápido,52,8.0,positivo
2,bastante calidad,60,8.0,positivo
2,bien estoy,68,8.0,positivo
2,muy cómoda,437,7.945454545454545,positivo
2,buen producto,2110,7.917448405253284,positivo
2,divertido y,83,7.904761904761905,positivo
2,buen artículo,79,7.9,positivo
2,gran capacidad,130,7.878787878787879,positivo
2,justo como,59,7.866666666666666,positivo
2,adaptan muy,55,7.857142857142857,positivo
2,instalar y,220,7.857142857142857,positivo
2,precio funciona,55,7.857142857142857,positivo
2,cual como,55,7.857142857142857,positivo
2,le encanta,478,7.836065573770492,positivo
2,va perfecto,317,7.827160493827161,positivo
2,le encanto,121,7.806451612903226,positivo
2,calidad buen,78,7.8,positivo
2,contento con,1095,7.7935943060498225,positivo
2,súper bien,109,7.785714285714286,positivo
2,ocupa muy,70,7.777777777777778,positivo
2,rapido y,272,7.771428571428571,positivo
2,ninguna duda,58,7.733333333333333,positivo
2,muy útil,783,7.714285714285714,positivo
2,perfecta es,54,7.714285714285714,positivo
2,recomendado para,54,7.714285714285714,positivo
2,perfectamente la,192,7.68,positivo
2,es perfecto,814,7.679245283018868,positivo
2,con creces,88,7.6521739130434785,positivo
2,llevar y,65,7.647058823529412,positivo
2,de sobra,168,7.636363636363637,positivo
2,muy cómodos,248,7.630769230769231,positivo
2,perfectamente es,114,7.6,positivo
2,es espectacular,72,7.578947368421052,positivo
2,recomendable es,140,7.5675675675675675,positivo
2,es perfecta,427,7.557522123893805,positivo
2,limpia muy,68,7.555555555555555,positivo
2,resistentes y,102,7.555555555555555,positivo
2,y fácil,670,7.52808988764045,positivo
2,la perfección,820,7.522935779816514,positivo
2,perfectamente para,94,7.52,positivo
2,y aguanta,131,7.485714285714286,positivo
2,tacto muy,112,7.466666666666667,positivo
2,son geniales,97,7.461538461538462,positivo
2,por poner,205,7.454545454545454,positivo
2,muy cómodo,737,7.444444444444445,positivo
2,perfecto a,67,7.444444444444445,positivo
2,muy cómodas,208,7.428571428571429,positivo
2,queda perfecto,189,7.411764705882353,positivo
2,práctica y,111,7.4,positivo
2,es ideal,324,7.363636363636363,positivo
2,funciona perfecto,136,7.351351351351352,positivo
2,función perfectamente,231,7.333333333333333,positivo
2,las cinco,55,7.333333333333333,positivo
2,genial a,51,7.285714285714286,positivo
2,ahora todo,51,7.285714285714286,positivo
2,perfecto por,69,7.2631578947368425,positivo
2,muy práctico,529,7.2465753424657535,positivo
2,juego muy,61,7.176470588235294,positivo
2,ni muy,86,7.166666666666667,positivo
2,a muy,154,7.162790697674419,positivo
2,perfecto en,179,7.16,positivo
2,fuertes y,64,7.111111111111111,positivo
2,muy prácticos,53,7.066666666666666,positivo
2,ninguna queja,88,7.04,positivo
2,general muy,95,7.037037037037037,positivo
2,y entrega,95,7.037037037037037,positivo
2,queda perfecta,105,7.0,positivo
2,cómodos de,56,7.0,positivo
2,practico y,118,6.9411764705882355,positivo
2,expectativas es,59,6.9411764705882355,positivo
2,y rapidez,59,6.9411764705882355,positivo
2,van genial,59,6.9411764705882355,positivo
2,es fantástico,52,6.933333333333334,positivo
2,el mejor,328,6.905263157894737,positivo
2,muy fácil,992,6.888888888888889,positivo
2,buenos acabados,175,6.862745098039215,positivo
2,pongo las,72,6.857142857142857,positivo
2,envio rapido,89,6.846153846153846,positivo
2,esta genial,174,6.823529411764706,positivo
2,un muy,112,6.787878787878788,positivo
2,no molesta,95,6.785714285714286,positivo
2,están genial,54,6.75,positivo
2,cinco estrellas,145,6.744186046511628,positivo
2,y practico,64,6.7368421052631575,positivo
2,con gran,94,6.714285714285714,positivo
2,funciona perfectamente,869,6.710424710424711,positivo
2,buena muy,57,6.705882352941177,positivo
2,envío perfecto,80,6.666666666666667,positivo
2,bastante resistente,103,6.645161290322581,positivo
2,perfecta en,63,6.631578947368421,positivo
2,se agradece,126,6.631578947368421,positivo
2,y permite,63,6.631578947368421,positivo
2,cualquier tipo,66,6.6,positivo
2,cómoda y,320,6.597938144329897,positivo
2,entrega rápida,155,6.595744680851064,positivo
2,llegó antes,280,6.588235294117647,positivo
2,compra sin,56,6.588235294117647,positivo
2,y práctico,184,6.571428571428571,positivo
2,describe en,59,6.555555555555555,positivo
2,muy útiles,118,6.555555555555555,positivo
2,perfectamente lo,118,6.555555555555555,positivo
2,va perfecta,98,6.533333333333333,positivo
2,llego antes,222,6.529411764705882,positivo
2,preciosa y,75,6.521739130434782,positivo
2,los mejores,189,6.517241379310345,positivo
2,ajusta perfectamente,290,6.51685393258427,positivo
2,cómodo y,456,6.514285714285714,positivo
2,previsto y,113,6.457142857142857,positivo
2,cómoda de,129,6.45,positivo
2,muy comodos,61,6.421052631578948,positivo
2,perfecto estado,664,6.415458937198068,positivo
2,una muy,176,6.4,positivo
2,fácil montaje,131,6.390243902439025,positivo
2,demás genial,83,6.384615384615385,positivo
2,y rápido,255,6.375,positivo
2,y elegante,156,6.36734693877551,positivo
2,toque de,54,6.352941176470588,positivo
2,las mejores,187,6.338983050847458,positivo
2,buen acabado,301,6.336842105263158,positivo
2,maravilla y,57,6.333333333333333,positivo
2,un toque,174,6.327272727272727,positivo
2,muy util,161,6.313725490196078,positivo
2,fácil instalación,101,6.3125,positivo
2,producto calidad,101,6.3125,positivo
2,muy práctica,183,6.310344827586207,positivo
2,y rápida,82,6.3076923076923075,positivo
2,mucho muy,91,6.275862068965517,positivo
2,fácil de,3058,6.266393442622951,positivo
2,relación calidad,2298,6.26158038147139,positivo
2,satisfecha con,237,6.2368421052631575,positivo
2,muy original,134,6.232558139534884,positivo
2,y buenos,56,6.222222222222222,positivo
2,muy fáciles,56,6.222222222222222,positivo
2,muy comodo,171,6.218181818181818,positivo
2,utilizado para,124,6.2,positivo
2,bien acabada,68,6.181818181818182,positivo
2,las necesidades,68,6.181818181818182,positivo
2,y envío,105,6.176470588235294,positivo
2,una pega,250,6.172839506172839,positivo
2,una pasada,259,6.166666666666667,positivo
2,utilizo para,261,6.141176470588236,positivo
2,sencillo de,199,6.123076923076923,positivo
2,bien buena,198,6.092307692307692,positivo
2,perfectamente al,271,6.089887640449438,positivo
2,de fácil,146,6.083333333333333,positivo
2,muy facil,228,6.08,positivo
2,tiempo previsto,79,6.076923076923077,positivo
2,momento funciona,164,6.074074074074074,positivo
2,perfecto se,85,6.071428571428571,positivo
2,en perfecto,655,6.064814814814815,positivo
2,fue para,148,6.040816326530612,positivo
2,relacion calidad,320,6.037735849056604,positivo
2,ocupa poco,166,6.036363636363636,positivo
2,de lujo,175,6.0344827586206895,positivo
2,todo correcto,693,6.026086956521739,positivo
2,lo necesario,195,6.0,positivo
2,excelente y,84,6.0,positivo
2,de transportar,99,6.0,positivo
2,genial por,51,6.0,positivo
2,es estupenda,63,6.0,positivo
2,compacto y,63,6.0,positivo
2,dura bastante,173,5.9655172413793105,positivo
2,genial el,143,5.958333333333333,positivo
2,y va,470,5.949367088607595,positivo
2,gustado mucho,953,5.937694704049845,positivo
2,perfecto como,86,5.931034482758621,positivo
2,y resistente,275,5.913978494623656,positivo
2,necesitaba un,68,5.913043478260869,positivo
2,muy suaves,68,5.913043478260869,positivo
2,perfecto de,65,5.909090909090909,positivo
2,dado ningún,65,5.909090909090909,positivo
2,los peques,144,5.877551020408164,positivo
2,doy las,129,5.863636363636363,positivo
2,muy resistentes,85,5.862068965517241,positivo
2,y funcional,126,5.8604651162790695,positivo
2,buen material,460,5.859872611464968,positivo
2,encajan perfectamente,67,5.826086956521739,positivo
2,historia de,67,5.826086956521739,positivo
2,ligero y,224,5.818181818181818,positivo
2,yo estoy,64,5.818181818181818,positivo
2,y precio,285,5.816326530612245,positivo
2,buen libro,93,5.8125,positivo
2,también para,93,5.8125,positivo
2,muy comoda,113,5.794871794871795,positivo
2,y cómodos,55,5.7894736842105265,positivo
2,bien buen,162,5.785714285714286,positivo
2,y cumplen,81,5.785714285714286,positivo
2,ahora va,52,5.777777777777778,positivo
2,gustado bastante,75,5.769230769230769,positivo
2,y original,69,5.75,positivo
2,leer y,63,5.7272727272727275,positivo
2,muy practica,83,5.724137931034483,positivo
2,y cómoda,160,5.714285714285714,positivo
2,divertido para,60,5.714285714285714,positivo
2,interesante y,60,5.714285714285714,positivo
2,mejor de,390,5.693430656934306,positivo
2,sin necesidad,111,5.6923076923076925,positivo
2,con buenos,71,5.68,positivo
2,muy ligero,136,5.666666666666667,positivo
2,perfectamente me,51,5.666666666666667,positivo
2,única pega,872,5.662337662337662,positivo
2,tanto para,215,5.657894736842105,positivo
2,recomendable lo,65,5.6521739130434785,positivo
2,calidad precio,4737,5.639285714285714,positivo
2,expectativas y,62,5.636363636363637,positivo
2,quizás un,76,5.62962962962963,positivo
2,envío rápido,315,5.625,positivo
2,muy rápida,163,5.620689655172414,positivo
2,y ligera,59,5.619047619047619,positivo
2,niveles de,59,5.619047619047619,positivo
2,rapidez en,132,5.617021276595745,positivo
2,resistente y,390,5.611510791366906,positivo
2,perfectamente en,269,5.604166666666667,positivo
2,perfecto el,271,5.587628865979381,positivo
2,utilizo en,53,5.578947368421052,positivo
2,facil de,635,5.5701754385964914,positivo
2,y funciona,763,5.569343065693431,positivo
2,no ocupa,175,5.555555555555555,positivo
2,compra me,161,5.551724137931035,positivo
2,muy buena,3913,5.550354609929078,positivo
2,relación precio,147,5.547169811320755,positivo
2,perfección y,108,5.538461538461538,positivo
2,años le,166,5.533333333333333,positivo
2,muy adecuado,55,5.5,positivo
2,genial en,77,5.5,positivo
2,genial la,148,5.481481481481482,positivo
2,función correctamente,52,5.473684210526316,positivo
2,y cabe,52,5.473684210526316,positivo
2,se describe,363,5.458646616541353,positivo
2,la familia,90,5.454545454545454,positivo
2,compra es,229,5.4523809523809526,positivo
2,ayuda a,181,5.402985074626866,positivo
2,económico y,54,5.4,positivo
2,entretenido y,81,5.4,positivo
2,robusto y,189,5.4,positivo
2,tiene varias,54,5.4,positivo
2,bien relación,54,5.4,positivo
2,bien muy,393,5.383561643835616,positivo
2,comodo y,94,5.371428571428571,positivo
2,está genial,255,5.368421052631579,positivo
2,bien producto,59,5.363636363636363,positivo
2,función a,107,5.35,positivo
2,esperado y,107,5.35,positivo
2,libro muy,123,5.3478260869565215,positivo
2,te permite,136,5.333333333333333,positivo
2,tiene todo,56,5.333333333333333,positivo
2,perfectamente embalado,64,5.333333333333333,positivo
2,recomendable la,117,5.318181818181818,positivo
2,adapta muy,162,5.311475409836065,positivo
2,práctico para,154,5.310344827586207,positivo
2,y eficaz,69,5.3076923076923075,positivo
2,perfecto la,138,5.3076923076923075,positivo
2,es excelente,151,5.298245614035087,positivo
2,y robusto,50,5.2631578947368425,positivo
2,mucho este,50,5.2631578947368425,positivo
2,es genial,381,5.255172413793104,positivo
2,encaja perfectamente,344,5.251908396946565,positivo
2,además viene,63,5.25,positivo
2,muy comodas,55,5.238095238095238,positivo
2,súper rápido,81,5.225806451612903,positivo
2,y práctica,91,5.2,positivo
2,buena protección,52,5.2,positivo
2,buena calidad,5200,5.194805194805195,positivo
2,son tal,88,5.176470588235294,positivo
2,y calidad,367,5.169014084507042,positivo
2,funcionan muy,98,5.157894736842105,positivo
2,envio muy,67,5.153846153846154,positivo
2,muy agradable,255,5.151515151515151,positivo
2,necesario para,157,5.147540983606557,positivo
2,duda la,54,5.142857142857143,positivo
2,y listo,131,5.137254901960785,positivo
2,precio son,95,5.135135135135135,positivo
2,bastante buena,220,5.116279069767442,positivo
2,buenos materiales,166,5.107692307692307,positivo
2,producto recomendable,66,5.076923076923077,positivo
2,buena funda,132,5.076923076923077,positivo
2,a cualquier,205,5.061728395061729,positivo
2,foto muy,101,5.05,positivo
2,encaja perfecto,58,5.043478260869565,positivo
2,muy ligera,88,5.0285714285714285,positivo
2,rápido y,993,5.027848101265823,positivo
2,muy buenos,389,5.019354838709678,positivo
2,rápido en,120,5.0,positivo
2,bien tal,80,5.0,positivo
2,todo un,190,5.0,positivo
2,gracias muy,60,5.0,positivo
2,fiel a,55,5.0,positivo
2,bien viene,55,5.0,positivo
2,y colores,50,5.0,positivo
2,perfecto con,55,5.0,positivo
3,llegar el de,27,inf,negativo
3,que está entregado,20,inf,negativo
3,el dinero para,26,inf,negativo
3,producto no sirve,30,inf,negativo
3,nunca ha llegado,28,inf,negativo
3,vendedor y ni,23,inf,negativo
3,me den una,30,inf,negativo
3,den una solución,22,inf,negativo
3,he tirado a,29,inf,negativo
3,no recomiendo a,26,inf,negativo
3,pedido no ha,29,inf,negativo
3,aconsejo para nada,23,inf,negativo
3,funciona cuando quiere,24,inf,negativo
3,esperando el pedido,21,inf,negativo
3,sigue sin llegar,30,inf,negativo
3,del dinero no,27,inf,negativo
3,una perdida de,52,inf,negativo
3,el producto ni,52,inf,negativo
3,mala compra no,64,inf,negativo
3,una mierda no,30,inf,negativo
3,roto en menos,23,inf,negativo
3,esperando y no,21,inf,negativo
3,la peor compra,61,inf,negativo
3,producto muy malo,33,inf,negativo
3,este vendedor no,58,inf,negativo
3,un engaño total,20,inf,negativo
3,se ha entregado,22,inf,negativo
3,un dinero tirado,20,inf,negativo
3,el dinero ya,22,inf,negativo
3,dinero no lo,36,inf,negativo
3,lo estoy esperando,36,inf,negativo
3,muy decepcionado no,28,inf,negativo
3,estoy nada contento,22,inf,negativo
3,peor compra que,49,inf,negativo
3,uso ha dejado,21,inf,negativo
3,la devolución en,22,inf,negativo
3,entregado y no,31,inf,negativo
3,nunca recibí el,27,inf,negativo
3,muy mal producto,69,inf,negativo
3,una puta mierda,22,inf,negativo
3,para nada dinero,25,inf,negativo
3,que pagar los,25,inf,negativo
3,a que llegue,29,inf,negativo
3,mi dinero no,21,inf,negativo
3,no me devuelven,30,inf,negativo
3,me devuelva el,20,inf,negativo
3,tirados a la,48,inf,negativo
3,me lo cobraron,23,inf,negativo
3,he podido ni,24,inf,negativo
3,me devuelven el,69,inf,negativo
3,dinero tirado no,39,inf,negativo
3,de espera y,22,inf,negativo
3,y sigo esperando,36,inf,negativo
3,lo devuelvo no,21,inf,negativo
3,euros tirados a,20,inf,negativo
3,basura no lo,26,inf,negativo
3,nada a este,25,inf,negativo
3,enviar un producto,23,inf,negativo
3,no lo compren,50,inf,negativo
3,euros a la,27,inf,negativo
3,me siento engañada,30,inf,negativo
3,a mis mensajes,23,inf,negativo
3,una estafa en,21,inf,negativo
3,mes esperando y,21,inf,negativo
3,nada mala calidad,20,inf,negativo
3,sido tirar el,28,inf,negativo
3,lo compréis no,22,inf,negativo
3,no sirve ni,21,inf,negativo
3,durado ni meses,34,inf,negativo
3,voy a recibir,21,inf,negativo
3,sigo esperando el,27,inf,negativo
3,para nada recomendable,33,inf,negativo
3,vendedor no responde,41,inf,negativo
3,nada no puedo,21,inf,negativo
3,desde la fecha,28,inf,negativo
3,es una tomadura,21,inf,negativo
3,no va no,20,inf,negativo
3,llego y no,23,inf,negativo
3,un timo en,26,inf,negativo
3,nunca me llegaron,22,inf,negativo
3,malo no lo,37,inf,negativo
3,para nada su,21,inf,negativo
3,dicen que lo,20,inf,negativo
3,lo compréis es,23,inf,negativo
3,llegado y no,45,inf,negativo
3,de hoy de,29,inf,negativo
3,que me devolvieran,24,inf,negativo
3,llegó después de,20,inf,negativo
3,nada recomendable no,40,inf,negativo
3,nada su compra,22,inf,negativo
3,para nada ya,24,inf,negativo
3,dos ocasiones y,20,inf,negativo
3,aparece como entregado,23,inf,negativo
3,no la compréis,35,inf,negativo
3,dejado de cargar,34,inf,negativo
3,sigo a la,23,inf,negativo
3,mala experiencia no,25,inf,negativo
3,ponga en contacto,26,inf,negativo
3,funcionar a las,22,inf,negativo
3,nunca llegó y,29,inf,negativo
3,producto nunca me,20,inf,negativo
3,me siento estafada,37,inf,negativo
3,nada recomendable el,22,inf,negativo
3,funcionar no se,23,inf,negativo
3,a comprar nunca,26,inf,negativo
3,devuelto no me,32,inf,negativo
3,perdida de dinero,31,inf,negativo
3,pena no lo,22,inf,negativo
3,nada no sirve,21,inf,negativo
3,una decepción la,20,inf,negativo
3,pongo dos estrellas,69,inf,negativo
3,las dos estrellas,30,inf,negativo
3,dinero tirado a,120,240.0,negativo
3,no recomiendo este,114,228.0,negativo
3,la basura no,112,224.0,negativo
3,recomiendo para nada,444,177.6,negativo
3,es una estafa,167,167.0,negativo
3,recomiendo a nadie,147,147.0,negativo
3,un timo no,68,136.0,negativo
3,gustado nada no,64,128.0,negativo
3,una estafa no,63,126.0,negativo
3,que me devuelvan,122,122.0,negativo
3,ha llegado todavía,60,120.0,negativo
3,es un engaño,114,114.0,negativo
3,estamos a de,55,110.0,negativo
3,un mes esperando,107,107.0,negativo
3,periodo de devolución,53,106.0,negativo
3,lo e recibido,51,102.0,negativo
3,tirar el dinero,254,101.6,negativo
3,ni me han,50,100.0,negativo
3,calidad muy mala,50,100.0,negativo
3,en toda regla,50,100.0,negativo
3,doy dos estrellas,99,99.0,negativo
3,ha llegado aún,49,98.0,negativo
3,todavia no me,48,96.0,negativo
3,muy mala no,47,94.0,negativo
3,lo han cobrado,47,94.0,negativo
3,no lo compréis,136,90.66666666666667,negativo
3,estoy muy decepcionada,45,90.0,negativo
3,no recomendable no,45,90.0,negativo
3,producto nunca llegó,44,88.0,negativo
3,durado ni un,86,86.0,negativo
3,pongo una estrella,128,85.33333333333333,negativo
3,calidad es pésima,42,84.0,negativo
3,me devuelvan el,125,83.33333333333333,negativo
3,he recibido aún,41,82.0,negativo
3,no volvere a,41,82.0,negativo
3,la devolución el,41,82.0,negativo
3,pérdida de dinero,40,80.0,negativo
3,mal producto no,40,80.0,negativo
3,doy una estrella,118,78.66666666666667,negativo
3,a comprar ni,39,78.0,negativo
3,tirado a la,153,76.5,negativo
3,muy mala compra,75,75.0,negativo
3,ha llegado nada,72,72.0,negativo
3,el producto nunca,71,71.0,negativo
3,nada dinero tirado,35,70.0,negativo
3,un engaño no,35,70.0,negativo
3,esperando el producto,35,70.0,negativo
3,es un timo,139,69.5,negativo
3,vendedor no contesta,34,68.0,negativo
3,he recibido todavía,34,68.0,negativo
3,meses dejó de,34,68.0,negativo
3,muy decepcionada no,34,68.0,negativo
3,el pedido nunca,33,66.0,negativo
3,me parece vergonzoso,32,64.0,negativo
3,el de junio,32,64.0,negativo
3,una mierda de,32,64.0,negativo
3,de malísima calidad,32,64.0,negativo
3,a comprar nada,63,63.0,negativo
3,me siento engañado,63,63.0,negativo
3,ha llegado aun,31,62.0,negativo
3,no llegó nunca,31,62.0,negativo
3,uso no lo,31,62.0,negativo
3,solicitar la devolución,31,62.0,negativo
3,nunca me llego,92,61.333333333333336,negativo
3,me siento estafado,61,61.0,negativo
3,devuelvan el dinero,121,60.5,negativo
3,nada no lo,120,60.0,negativo
3,no solo no,30,60.0,negativo
3,fatal no lo,30,60.0,negativo
3,devolví el producto,60,60.0,negativo
3,ni el vendedor,30,60.0,negativo
3,estoy muy descontenta,60,60.0,negativo
3,entregado pero no,30,60.0,negativo
3,mala calidad no,298,59.6,negativo
3,dos estrellas porque,117,58.5,negativo
3,dinero y no,29,58.0,negativo
3,he recibido me,29,58.0,negativo
3,la devolucion del,28,56.0,negativo
3,es la peor,28,56.0,negativo
3,nada no funciona,28,56.0,negativo
3,de mi dinero,28,56.0,negativo
3,no funcionaba lo,28,56.0,negativo
3,no recomiendo esta,28,56.0,negativo
3,ha sido tirar,28,56.0,negativo
3,recomiendo en absoluto,195,55.714285714285715,negativo
3,ha llegado después,27,54.0,negativo
3,muy malo no,81,54.0,negativo
3,mal que amazon,27,54.0,negativo
3,ha llegado ni,53,53.0,negativo
3,le pongo dos,53,53.0,negativo
3,el dinero no,208,52.0,negativo
3,muy descontento con,78,52.0,negativo
3,he recibido ni,26,52.0,negativo
3,funciona lo he,26,52.0,negativo
3,no me contestan,26,52.0,negativo
3,e recibido el,26,52.0,negativo
3,se puede devolver,52,52.0,negativo
3,y mala calidad,26,52.0,negativo
3,no he quedado,26,52.0,negativo
3,amazon que me,26,52.0,negativo
3,sigo esperando que,25,50.0,negativo
3,no comprar no,25,50.0,negativo
3,nada este producto,25,50.0,negativo
3,y ni me,25,50.0,negativo
3,mala compra el,25,50.0,negativo
3,para nada una,25,50.0,negativo
3,o que me,25,50.0,negativo
3,y me encuentro,25,50.0,negativo
3,nada después de,25,50.0,negativo
3,que vengan a,25,50.0,negativo
3,es tirar el,145,48.333333333333336,negativo
3,no lo compreis,72,48.0,negativo
3,lo he tirado,24,48.0,negativo
3,rota y no,24,48.0,negativo
3,la empresa no,24,48.0,negativo
3,funciona muy mal,24,48.0,negativo
3,no estoy satisfecha,24,48.0,negativo
3,y nadie se,24,48.0,negativo
3,compra para nada,24,48.0,negativo
3,el de abril,48,48.0,negativo
3,a gustado nada,48,48.0,negativo
3,muy muy mala,24,48.0,negativo
3,dinero después de,24,48.0,negativo
3,gracias no me,24,48.0,negativo
3,sigo esperando a,24,48.0,negativo
3,me parece lamentable,24,48.0,negativo
3,no protege nada,24,48.0,negativo
3,tirado el dinero,71,47.333333333333336,negativo
3,aún estoy esperando,71,47.333333333333336,negativo
3,el dinero me,47,47.0,negativo
3,le doy dos,94,47.0,negativo
3,se hizo cargo,23,46.0,negativo
3,para nada este,23,46.0,negativo
3,sin recibir el,23,46.0,negativo
3,es de pésima,23,46.0,negativo
3,para colmo no,23,46.0,negativo
3,ni una estrella,23,46.0,negativo
3,no funciona una,23,46.0,negativo
3,no carga ni,23,46.0,negativo
3,me llegó nunca,23,46.0,negativo
3,la política de,23,46.0,negativo
3,funciona para nada,23,46.0,negativo
3,me llego no,23,46.0,negativo
3,producto no corresponde,23,46.0,negativo
3,que haber llegado,90,45.0,negativo
3,no pega nada,45,45.0,negativo
3,ha sido entregado,67,44.666666666666664,negativo
3,y estamos a,67,44.666666666666664,negativo
3,hace nada no,22,44.0,negativo
3,muy malo se,44,44.0,negativo
3,una auténtica basura,22,44.0,negativo
3,nunca llegó no,22,44.0,negativo
3,mala experiencia con,22,44.0,negativo
3,solo se escucha,22,44.0,negativo
3,y no contesta,22,44.0,negativo
3,del al de,22,44.0,negativo
3,ni a mi,22,44.0,negativo
3,ya ha pasado,22,44.0,negativo
3,recomiendo no comprar,22,44.0,negativo
3,despues de esperar,22,44.0,negativo
3,he recibido ninguna,22,44.0,negativo
3,producto no llego,22,44.0,negativo
3,empezó a dar,22,44.0,negativo
3,haber llegado hace,22,44.0,negativo
3,calidad no recomiendo,22,44.0,negativo
3,no han durado,43,43.0,negativo
3,mala calidad al,43,43.0,negativo
3,muy mala experiencia,43,43.0,negativo
3,muy descontenta con,64,42.666666666666664,negativo
3,mando no funciona,21,42.0,negativo
3,de devolución no,21,42.0,negativo
3,el de octubre,42,42.0,negativo
3,encima no me,21,42.0,negativo
3,no volvió a,21,42.0,negativo
3,estrella porque no,105,42.0,negativo
3,es un fraude,21,42.0,negativo
3,dos días después,21,42.0,negativo
3,pedido después de,21,42.0,negativo
3,ha sido usado,21,42.0,negativo
3,devuelven el dinero,84,42.0,negativo
3,al mes ya,21,42.0,negativo
3,no compréis este,21,42.0,negativo
3,el paquete nunca,21,42.0,negativo
3,recibido el reembolso,21,42.0,negativo
3,ni se enciende,21,42.0,negativo
3,mala calidad muy,42,42.0,negativo
3,nada lo compré,21,42.0,negativo
3,fatal no me,21,42.0,negativo
3,que tirar a,21,42.0,negativo
3,vendedor no se,62,41.333333333333336,negativo
3,es una mierda,62,41.333333333333336,negativo
3,a los mensajes,41,41.0,negativo
3,producto no cumple,41,41.0,negativo
3,un desastre de,41,41.0,negativo
3,pedido el de,41,41.0,negativo
3,mes de espera,41,41.0,negativo
3,a la devolución,61,40.666666666666664,negativo
3,mi dinero y,20,40.0,negativo
3,no lo compro,40,40.0,negativo
3,llegado el vendedor,20,40.0,negativo
3,con mucha ilusión,20,40.0,negativo
3,recomiendo no me,60,40.0,negativo
3,no estoy nada,80,40.0,negativo
3,opinar del producto,20,40.0,negativo
3,ha partido el,20,40.0,negativo
3,vendedor no me,80,40.0,negativo
3,producto de mala,40,40.0,negativo
3,todavia no ha,20,40.0,negativo
3,de esperar un,20,40.0,negativo
3,absolutamente para nada,20,40.0,negativo
3,se me pasó,20,40.0,negativo
3,he tirado el,60,40.0,negativo
3,no carga y,20,40.0,negativo
3,me habia pasado,20,40.0,negativo
3,perdido el dinero,20,40.0,negativo
3,en diciembre y,20,40.0,negativo
3,nada no la,20,40.0,negativo
3,y a fecha,20,40.0,negativo
3,el dinero al,20,40.0,negativo
3,dinero a la,59,39.333333333333336,negativo
3,calidad es mala,39,39.0,negativo
3,durado un mes,39,39.0,negativo
3,la basura el,39,39.0,negativo
3,ha llegado no,116,38.666666666666664,negativo
3,muy mal servicio,38,38.0,negativo
3,pedido la devolución,38,38.0,negativo
3,el dinero ni,37,37.0,negativo
3,lo recomiendo nada,37,37.0,negativo
3,muy mala calidad,823,36.577777777777776,negativo
3,perdida de tiempo,54,36.0,negativo
3,nada no es,54,36.0,negativo
3,no vuelvo a,108,36.0,negativo
3,no vale ni,36,36.0,negativo
3,devolverlo porque no,36,36.0,negativo
3,pasado el plazo,36,36.0,negativo
3,he recibido nada,89,35.6,negativo
3,ya no funcionan,53,35.333333333333336,negativo
3,un desastre no,70,35.0,negativo
3,veces y ya,52,34.666666666666664,negativo
3,para nada no,277,34.625,negativo
3,ha durado ni,187,34.0,negativo
3,el reembolso de,34,34.0,negativo
3,descontenta con el,51,34.0,negativo
3,no recomiendo su,221,34.0,negativo
3,ha decepcionado mucho,34,34.0,negativo
3,llegado el producto,237,33.857142857142854,negativo
3,peor que he,67,33.5,negativo
3,no he recibido,629,33.10526315789474,negativo
3,en absoluto no,33,33.0,negativo
3,sigo sin recibir,33,33.0,negativo
3,no aconsejo su,33,33.0,negativo
3,me lo cambien,33,33.0,negativo
3,durado ni dos,33,33.0,negativo
3,aún sigo esperando,33,33.0,negativo
3,a la basura,609,32.91891891891892,negativo
3,a llegado el,65,32.5,negativo
3,mala calidad se,146,32.44444444444444,negativo
3,y amazon no,32,32.0,negativo
3,meses ha dejado,48,32.0,negativo
3,nunca llegó el,48,32.0,negativo
3,ni nada no,32,32.0,negativo
3,que no recomiendo,32,32.0,negativo
3,no recomiendo la,112,32.0,negativo
3,estamos a y,32,32.0,negativo
3,muy mal no,127,31.75,negativo
3,llegado después de,31,31.0,negativo
3,y comprar algo,31,31.0,negativo
3,no a llegado,62,31.0,negativo
3,ha llegado defectuoso,31,31.0,negativo
3,devolución no me,31,31.0,negativo
3,no ha llegado,656,30.511627906976745,negativo
3,de funcionar no,136,30.22222222222222,negativo
3,el dinero o,30,30.0,negativo
3,mala calidad me,45,30.0,negativo
3,valen para nada,60,30.0,negativo
3,para nada lo,119,29.75,negativo
3,recibido el paquete,59,29.5,negativo
3,haber llegado el,59,29.5,negativo
3,a llegado y,29,29.0,negativo
3,ni si quiera,58,29.0,negativo
3,para nada las,29,29.0,negativo
3,el reembolso del,43,28.666666666666668,negativo
3,aun no me,114,28.5,negativo
3,debería haber llegado,28,28.0,negativo
3,y nunca llegó,28,28.0,negativo
3,ni siquiera lo,28,28.0,negativo
3,dos meses esperando,28,28.0,negativo
3,y nada no,42,28.0,negativo
3,para devolver el,28,28.0,negativo
3,tan mala calidad,28,28.0,negativo
3,de junio y,28,28.0,negativo
3,ha durado días,28,28.0,negativo
3,a amazon que,28,28.0,negativo
3,sido una decepción,56,28.0,negativo
3,menos de mes,28,28.0,negativo
3,la caja destrozada,28,28.0,negativo
3,a fecha de,42,28.0,negativo
3,sirve para nada,447,27.9375,negativo
3,mal no lo,41,27.333333333333332,negativo
3,producto no ha,82,27.333333333333332,negativo
3,gustado nada el,41,27.333333333333332,negativo
3,vendedor y no,109,27.25,negativo
3,que me llega,27,27.0,negativo
3,después de esperar,81,27.0,negativo
3,a nadie no,27,27.0,negativo
3,no carga no,27,27.0,negativo
3,una tomadura de,54,27.0,negativo
3,día de enero,27,27.0,negativo
3,no me llego,174,26.76923076923077,negativo
3,al principio funcionaba,40,26.666666666666668,negativo
3,y para colmo,80,26.666666666666668,negativo
3,el de mayo,40,26.666666666666668,negativo
3,dinero no me,40,26.666666666666668,negativo
3,el dinero lo,40,26.666666666666668,negativo
3,me pongo en,40,26.666666666666668,negativo
3,pongo en contacto,40,26.666666666666668,negativo
3,lo puedo devolver,65,26.0,negativo
3,se hace responsable,26,26.0,negativo
3,muy mala y,26,26.0,negativo
3,dinero no se,26,26.0,negativo
3,el de agosto,39,26.0,negativo
3,a devolver y,26,26.0,negativo
3,no funciona se,39,26.0,negativo
3,no funcionan los,26,26.0,negativo
3,mm por cada,26,26.0,negativo
3,no tengo noticias,26,26.0,negativo
3,otra marca no,26,26.0,negativo
3,mala calidad en,64,25.6,negativo
3,mala calidad lo,51,25.5,negativo
3,ha llegado y,203,25.375,negativo
3,el dinero es,38,25.333333333333332,negativo
3,esperando el reembolso,25,25.0,negativo
3,vendedor me dice,25,25.0,negativo
3,en el seguimiento,25,25.0,negativo
3,pérdida de tiempo,50,25.0,negativo
3,en absoluto la,25,25.0,negativo
3,han durado ni,50,25.0,negativo
3,producto no funciona,50,25.0,negativo
3,tengo que pagar,50,25.0,negativo
3,no funciona cuando,25,25.0,negativo
3,nos ha durado,25,25.0,negativo
3,ya ha dejado,25,25.0,negativo
3,ni un mes,112,24.88888888888889,negativo
3,la semana de,112,24.88888888888889,negativo
3,muy poco uso,62,24.8,negativo
3,servido de nada,37,24.666666666666668,negativo
3,no responde a,61,24.4,negativo
3,vale para nada,377,24.322580645161292,negativo
3,una decepción total,36,24.0,negativo
3,de funcionar los,24,24.0,negativo
3,nunca lo recibí,36,24.0,negativo
3,muy muy mal,24,24.0,negativo
3,antes del de,24,24.0,negativo
3,dos veces me,24,24.0,negativo
3,muy endeble no,36,24.0,negativo
3,señales de vida,24,24.0,negativo
3,dinero el producto,24,24.0,negativo
3,mala calidad que,24,24.0,negativo
3,mes ya no,24,24.0,negativo
3,no contesta a,24,24.0,negativo
3,he devuelto no,95,23.75,negativo
3,aún no ha,83,23.714285714285715,negativo
3,me pone que,47,23.5,negativo
3,estoy muy decepcionado,47,23.5,negativo
3,han enviado un,47,23.5,negativo
3,dos estrellas por,47,23.5,negativo
3,devolución del dinero,117,23.4,negativo
3,no es normal,70,23.333333333333332,negativo
3,tomadura de pelo,70,23.333333333333332,negativo
3,no puedo devolverlo,70,23.333333333333332,negativo
3,que devolverlo no,35,23.333333333333332,negativo
3,no recomiendo el,35,23.333333333333332,negativo
3,ha roto no,35,23.333333333333332,negativo
3,compra no lo,46,23.0,negativo
3,ni lo recomiendo,23,23.0,negativo
3,la devolución del,253,23.0,negativo
3,con amazon no,23,23.0,negativo
3,tirarlo a la,23,23.0,negativo
3,me gustó nada,69,23.0,negativo
3,lo unico bueno,23,23.0,negativo
3,comprar nada de,23,23.0,negativo
3,roto la cremallera,23,23.0,negativo
3,de julio y,46,23.0,negativo
3,no recomiendo comprar,46,23.0,negativo
3,han roto en,23,23.0,negativo
3,los recomiendo no,23,23.0,negativo
3,el paquete lo,23,23.0,negativo
3,no recomiendo comprarlo,23,23.0,negativo
3,responde a los,23,23.0,negativo
3,es una imitación,23,23.0,negativo
3,y esto no,23,23.0,negativo
3,vendedor no lo,23,23.0,negativo
3,de muy mala,378,22.90909090909091,negativo
3,de nada no,57,22.8,negativo
3,no estoy contento,57,22.8,negativo
3,se hace cargo,34,22.666666666666668,negativo
3,mal muy mal,34,22.666666666666668,negativo
3,y no pega,34,22.666666666666668,negativo
3,es el peor,34,22.666666666666668,negativo
3,nada no me,90,22.5,negativo
3,mala calidad es,45,22.5,negativo
3,nunca me llegó,167,22.266666666666666,negativo
3,producto no vale,22,22.0,negativo
3,esperando el paquete,22,22.0,negativo
3,final he tenido,22,22.0,negativo
3,con fecha de,22,22.0,negativo
3,no me dieron,22,22.0,negativo
3,no no me,33,22.0,negativo
3,nada contenta con,22,22.0,negativo
3,el dinero porque,22,22.0,negativo
3,el pedido ni,22,22.0,negativo
3,vendedor pero no,22,22.0,negativo
3,muy malo la,22,22.0,negativo
3,que amazon me,33,22.0,negativo
3,único bueno es,44,22.0,negativo
3,pierde agua por,22,22.0,negativo
3,durado ni una,33,22.0,negativo
3,en el estado,22,22.0,negativo
3,no funciona no,240,21.818181818181817,negativo
3,el de febrero,54,21.6,negativo
3,no lo recomiendo,2382,21.36322869955157,negativo
3,he recibido respuesta,32,21.333333333333332,negativo
3,solo he recibido,32,21.333333333333332,negativo
3,amazon no se,32,21.333333333333332,negativo
3,estoy muy descontento,32,21.333333333333332,negativo
3,de noviembre y,32,21.333333333333332,negativo
3,la basura la,32,21.333333333333332,negativo
3,de usarlo se,32,21.333333333333332,negativo
3,una pérdida de,53,21.2,negativo
3,se ha partido,95,21.11111111111111,negativo
3,no la recomiendo,580,21.09090909090909,negativo
3,para nada se,84,21.0,negativo
3,recibido mi pedido,21,21.0,negativo
3,paquete y me,21,21.0,negativo
3,me han cobrado,42,21.0,negativo
3,para nada he,21,21.0,negativo
3,devolución del importe,63,21.0,negativo
3,dura nada la,21,21.0,negativo
3,de diciembre y,63,21.0,negativo
3,no hace absolutamente,21,21.0,negativo
3,hace absolutamente nada,21,21.0,negativo
3,empresa que lo,21,21.0,negativo
3,de funcionar es,21,21.0,negativo
3,he solicitado devolución,21,21.0,negativo
3,tiempo de devolución,21,21.0,negativo
3,nuevo y no,21,21.0,negativo
3,mes no lo,21,21.0,negativo
3,ni se os,21,21.0,negativo
3,hicieron la devolución,21,21.0,negativo
3,lo devuelvo y,21,21.0,negativo
3,para nada ni,21,21.0,negativo
3,en este estado,21,21.0,negativo
3,mala calidad con,21,21.0,negativo
3,al principio iba,21,21.0,negativo
3,recibido el pedido,104,20.8,negativo
3,estoy nada contenta,31,20.666666666666668,negativo
3,recomiendo no lo,31,20.666666666666668,negativo
3,ha decepcionado no,31,20.666666666666668,negativo
3,y no responde,31,20.666666666666668,negativo
3,muy decepcionado con,72,20.571428571428573,negativo
3,devolverme el dinero,41,20.5,negativo
3,no lo aconsejo,143,20.428571428571427,negativo
3,no funciona ni,51,20.4,negativo
3,principio funcionaba bien,20,20.0,negativo
3,he recibido mi,40,20.0,negativo
3,desde el de,50,20.0,negativo
3,no recomiendo para,70,20.0,negativo
3,de febrero y,40,20.0,negativo
3,la pena ni,20,20.0,negativo
3,dinero ya que,20,20.0,negativo
3,hasta el de,20,20.0,negativo
3,el de diciembre,80,20.0,negativo
3,el dinero pero,50,20.0,negativo
3,de tan mala,20,20.0,negativo
3,pantalla no lo,30,20.0,negativo
3,se hacen cargo,20,20.0,negativo
3,a durado ni,20,20.0,negativo
3,nada de este,30,20.0,negativo
3,ha durado menos,40,20.0,negativo
3,no funciona me,30,20.0,negativo
3,pésima calidad no,30,20.0,negativo
3,descontenta con la,20,20.0,negativo
3,y pone que,30,20.0,negativo
3,es el problema,20,20.0,negativo
3,han durado meses,20,20.0,negativo
3,espero que llegue,30,20.0,negativo
3,que quitar porque,20,20.0,negativo
3,y se desconecta,20,20.0,negativo
3,que lo barato,20,20.0,negativo
3,facilidad no lo,20,20.0,negativo
3,no repetiría la,20,20.0,negativo
3,no vale la,219,19.90909090909091,negativo
3,no los recomiendo,169,19.88235294117647,negativo
3,devolución del producto,79,19.75,negativo
3,que ni siquiera,49,19.6,negativo
3,durado menos de,49,19.6,negativo
3,en la basura,49,19.6,negativo
3,de uso ha,39,19.5,negativo
3,mal estado no,39,19.5,negativo
3,no carga la,39,19.5,negativo
3,he recibido no,97,19.4,negativo
3,se han equivocado,29,19.333333333333332,negativo
3,gastos de devolución,29,19.333333333333332,negativo
3,una gran decepción,77,19.25,negativo
3,en dos meses,48,19.2,negativo
3,ha llegado me,48,19.2,negativo
3,mes y ya,48,19.2,negativo
3,he devuelto el,114,19.0,negativo
3,a devolver no,38,19.0,negativo
3,que llegar el,47,18.8,negativo
3,muy decepcionada con,47,18.8,negativo
3,no funciona es,47,18.8,negativo
3,lo único bueno,103,18.727272727272727,negativo
3,semanas y no,28,18.666666666666668,negativo
3,una mala compra,56,18.666666666666668,negativo
3,recibido el artículo,28,18.666666666666668,negativo
3,ya no va,28,18.666666666666668,negativo
3,he recibido este,28,18.666666666666668,negativo
3,muy baja calidad,176,18.526315789473685,negativo
3,no entiendo cómo,37,18.5,negativo
3,la devolución no,74,18.5,negativo
3,ha gustado nada,416,18.488888888888887,negativo
3,al vendedor y,120,18.46153846153846,negativo
3,el dinero a,46,18.4,negativo
3,me encuentro con,46,18.4,negativo
3,muy mal la,55,18.333333333333332,negativo
3,no vale nada,55,18.333333333333332,negativo
3,no estoy contenta,55,18.333333333333332,negativo
3,no ha durado,155,18.235294117647058,negativo
3,el vendedor no,355,18.205128205128204,negativo
3,plazo de devolución,36,18.0,negativo
3,no duró ni,27,18.0,negativo
3,roto y no,54,18.0,negativo
3,ni siquiera me,45,18.0,negativo
3,lo pedí hace,36,18.0,negativo
3,ni siquiera se,54,18.0,negativo
3,nada porque no,27,18.0,negativo
3,y ni siquiera,72,18.0,negativo
3,dos meses no,27,18.0,negativo
3,año y ya,27,18.0,negativo
3,el dinero se,27,18.0,negativo
3,nada no tiene,27,18.0,negativo
3,y no funcionan,27,18.0,negativo
3,devolución ya que,27,18.0,negativo
3,probado con varios,27,18.0,negativo
3,espero que amazon,27,18.0,negativo
3,aún no me,196,17.818181818181817,negativo
3,ha pasado el,71,17.75,negativo
3,recibido el producto,186,17.714285714285715,negativo
3,a devolver el,44,17.6,negativo
3,no funciona he,44,17.6,negativo
3,nada no se,88,17.6,negativo
3,ha durado meses,70,17.5,negativo
3,devolver el dinero,35,17.5,negativo
3,un mes la,35,17.5,negativo
3,y sigo sin,35,17.5,negativo
3,no me dan,61,17.428571428571427,negativo
3,y no funciona,260,17.333333333333332,negativo
3,no pega en,26,17.333333333333332,negativo
3,llegado y me,26,17.333333333333332,negativo
3,no me contesta,26,17.333333333333332,negativo
3,ha venido el,26,17.333333333333332,negativo
3,ya está roto,26,17.333333333333332,negativo
3,el de noviembre,43,17.2,negativo
3,descontento con la,34,17.0,negativo
3,el vendedor ni,34,17.0,negativo
3,funcionar y no,34,17.0,negativo
3,la semana se,34,17.0,negativo
3,falta una pieza,34,17.0,negativo
3,una decepción no,34,17.0,negativo
3,no funciona lo,76,16.88888888888889,negativo
3,es una basura,42,16.8,negativo
3,lo mal que,25,16.666666666666668,negativo
3,devolvieron el importe,25,16.666666666666668,negativo
3,ya no carga,50,16.666666666666668,negativo
3,puedo opinar del,25,16.666666666666668,negativo
3,han entregado el,25,16.666666666666668,negativo
3,para nada por,25,16.666666666666668,negativo
3,mala suerte pero,25,16.666666666666668,negativo
3,pasado más de,25,16.666666666666668,negativo
3,he quedado sin,25,16.666666666666668,negativo
3,dura ni un,25,16.666666666666668,negativo
3,el reembolso no,25,16.666666666666668,negativo
3,y no cumple,25,16.666666666666668,negativo
3,el ordenador no,25,16.666666666666668,negativo
3,llegado en mal,25,16.666666666666668,negativo
3,deja de cargar,25,16.666666666666668,negativo
3,y todavía estoy,25,16.666666666666668,negativo
3,tenía que llegar,58,16.571428571428573,negativo
3,me dicen que,207,16.56,negativo
3,de marzo y,33,16.5,negativo
3,lo recomiendo ni,33,16.5,negativo
3,devuelto el producto,66,16.5,negativo
3,de pésima calidad,66,16.5,negativo
3,me duró un,33,16.5,negativo
3,muy malo el,33,16.5,negativo
3,de funcionar me,33,16.5,negativo
3,llego el pedido,41,16.4,negativo
3,lo devuelvo por,49,16.333333333333332,negativo
3,lo barato sale,155,16.31578947368421,negativo
3,he recibido el,447,16.254545454545454,negativo
3,todavía no ha,65,16.25,negativo
3,esperando que me,65,16.25,negativo
3,de funcionar en,65,16.25,negativo
3,llegado el pedido,97,16.166666666666668,negativo
3,ya no funciona,290,16.11111111111111,negativo
3,barato sale caro,152,16.0,negativo
3,mala calidad la,80,16.0,negativo
3,ni un día,48,16.0,negativo
3,una fecha de,24,16.0,negativo
3,funciona nada bien,24,16.0,negativo
3,entre el y,40,16.0,negativo
3,devuelvo el producto,24,16.0,negativo
3,en fin no,56,16.0,negativo
3,no e recibido,32,16.0,negativo
3,baja calidad el,40,16.0,negativo
3,no sirve se,24,16.0,negativo
3,durado dos meses,24,16.0,negativo
3,se os ocurra,32,16.0,negativo
3,una cosa es,24,16.0,negativo
3,para su devolución,24,16.0,negativo
3,calidad a los,24,16.0,negativo
3,ha llegado lo,40,16.0,negativo
3,en fin un,32,16.0,negativo
3,que ha durado,24,16.0,negativo
3,uso se rompió,24,16.0,negativo
3,mala calidad de,143,15.88888888888889,negativo
3,le doy una,103,15.846153846153847,negativo
3,que me llegue,71,15.777777777777779,negativo
3,de funcionar a,117,15.6,negativo
3,de abril y,39,15.6,negativo
3,un mes me,31,15.5,negativo
3,dicen que se,31,15.5,negativo
3,el reembolso y,31,15.5,negativo
3,no cumple lo,31,15.5,negativo
3,a su destino,31,15.5,negativo
3,no sirve no,54,15.428571428571429,negativo
3,es muy cutre,23,15.333333333333334,negativo
3,devolver no me,23,15.333333333333334,negativo
3,no compraré más,23,15.333333333333334,negativo
3,que hice el,23,15.333333333333334,negativo
3,funcionar no lo,23,15.333333333333334,negativo
3,esperar un mes,23,15.333333333333334,negativo
3,no funcionaba no,23,15.333333333333334,negativo
3,de octubre y,23,15.333333333333334,negativo
3,y solo ha,23,15.333333333333334,negativo
3,le entra agua,23,15.333333333333334,negativo
3,estaba roto y,23,15.333333333333334,negativo
3,usado veces y,23,15.333333333333334,negativo
3,la devolví no,23,15.333333333333334,negativo
3,el dinero el,61,15.25,negativo
3,producto no puedo,38,15.2,negativo
3,de funcionar correctamente,38,15.2,negativo
3,me a llegado,197,15.153846153846153,negativo
3,una estrella por,83,15.090909090909092,negativo
3,un mes no,83,15.090909090909092,negativo
3,me mandaron un,30,15.0,negativo
3,tenido que tirar,60,15.0,negativo
3,le pongo una,75,15.0,negativo
3,y aún estoy,30,15.0,negativo
3,no llegué a,30,15.0,negativo
3,no la aconsejo,30,15.0,negativo
3,estaba contento con,30,15.0,negativo
3,producto no lo,97,14.923076923076923,negativo
3,hacer la devolución,67,14.88888888888889,negativo
3,estoy esperando que,67,14.88888888888889,negativo
3,me han devuelto,163,14.818181818181818,negativo
3,devuelto el dinero,185,14.8,negativo
3,sale caro no,37,14.8,negativo
3,una vergüenza que,37,14.8,negativo
3,solicitado la devolución,74,14.8,negativo
3,va a llegar,37,14.8,negativo
3,lo he recibido,632,14.69767441860465,negativo
3,meses de espera,22,14.666666666666666,negativo
3,el proveedor no,22,14.666666666666666,negativo
3,devolución y no,22,14.666666666666666,negativo
3,me gusto nada,44,14.666666666666666,negativo
3,tengo que devolver,44,14.666666666666666,negativo
3,pedido no me,44,14.666666666666666,negativo
3,no ha podido,22,14.666666666666666,negativo
3,pedí la devolución,22,14.666666666666666,negativo
3,mi sorpresa al,22,14.666666666666666,negativo
3,ha roto con,22,14.666666666666666,negativo
3,mes y no,44,14.666666666666666,negativo
3,lo llegué a,22,14.666666666666666,negativo
3,de nada la,22,14.666666666666666,negativo
3,apenas un mes,22,14.666666666666666,negativo
3,me hicieron la,22,14.666666666666666,negativo
3,ha llegado he,22,14.666666666666666,negativo
3,no la volveré,22,14.666666666666666,negativo
3,meses me ha,22,14.666666666666666,negativo
3,de las peores,22,14.666666666666666,negativo
3,dejó de cargar,22,14.666666666666666,negativo
3,baja calidad la,22,14.666666666666666,negativo
3,no funcionan no,22,14.666666666666666,negativo
3,peor que la,22,14.666666666666666,negativo
3,de este vendedor,51,14.571428571428571,negativo
3,que llegue el,29,14.5,negativo
3,reembolso del dinero,29,14.5,negativo
3,entrega y no,29,14.5,negativo
3,que me den,29,14.5,negativo
3,lo devolví el,29,14.5,negativo
3,día de diciembre,36,14.4,negativo
3,tirar a la,36,14.4,negativo
3,no lo recibí,43,14.333333333333334,negativo
3,mala calidad para,43,14.333333333333334,negativo
3,para nada la,93,14.307692307692308,negativo
3,no las recomiendo,143,14.3,negativo
3,pedido y no,50,14.285714285714286,negativo
3,se ha perdido,50,14.285714285714286,negativo
3,sirven para nada,107,14.266666666666667,negativo
3,dejo de funcionar,341,14.208333333333334,negativo
3,estrella por que,28,14.0,negativo
3,el periodo de,49,14.0,negativo
3,pega por los,42,14.0,negativo
3,porque nunca me,21,14.0,negativo
3,anular el pedido,21,14.0,negativo
3,tiempo y dinero,42,14.0,negativo
3,decepcionado con el,70,14.0,negativo
3,a recibir el,28,14.0,negativo
3,no se nada,35,14.0,negativo
3,recibir el pedido,42,14.0,negativo
3,lo he intentado,63,14.0,negativo
3,muy mala la,21,14.0,negativo
3,al año y,21,14.0,negativo
3,después de mes,35,14.0,negativo
3,no es fiable,28,14.0,negativo
3,me indican que,28,14.0,negativo
3,amazon para que,21,14.0,negativo
3,la recomiendo en,49,14.0,negativo
3,ha llegado rota,42,14.0,negativo
3,a perder agua,21,14.0,negativo
3,el de marzo,35,14.0,negativo
3,han gustado nada,42,14.0,negativo
3,menos de año,21,14.0,negativo
3,me da tiempo,21,14.0,negativo
3,no hace buen,21,14.0,negativo
3,he devuelto ya,21,14.0,negativo
3,precio no merece,21,14.0,negativo
3,a otro vendedor,21,14.0,negativo
3,no volveré a,311,13.822222222222223,negativo
3,vuelvo a comprar,110,13.75,negativo
3,llego el producto,55,13.75,negativo
3,han devuelto el,158,13.73913043478261,negativo
3,descontento con el,48,13.714285714285714,negativo
3,una estrella porque,171,13.68,negativo
3,ni por asomo,41,13.666666666666666,negativo
3,de funcionar al,82,13.666666666666666,negativo
3,al segundo uso,41,13.666666666666666,negativo
3,dejado de funcionar,585,13.604651162790697,negativo
3,aun estoy esperando,34,13.6,negativo
3,lo venden como,34,13.6,negativo
3,y todavia no,34,13.6,negativo
3,del vendedor no,34,13.6,negativo
3,el dinero y,115,13.529411764705882,negativo
3,que no cumple,54,13.5,negativo
3,la pantalla además,27,13.5,negativo
3,se que hacer,27,13.5,negativo
3,y no funcionaba,54,13.5,negativo
3,he solicitado la,81,13.5,negativo
3,en esas condiciones,27,13.5,negativo
3,en un chino,27,13.5,negativo
3,me tenía que,27,13.5,negativo
3,y estoy esperando,27,13.5,negativo
3,llega el producto,27,13.5,negativo
3,más no lo,27,13.5,negativo
3,imagen no se,27,13.5,negativo
3,producto porque no,54,13.5,negativo
3,de juguete no,27,13.5,negativo
3,el de septiembre,47,13.428571428571429,negativo
3,estoy esperando a,47,13.428571428571429,negativo
3,decepcionado con la,47,13.428571428571429,negativo
3,uso y ya,47,13.428571428571429,negativo
3,me había pasado,87,13.384615384615385,negativo
3,menos de meses,100,13.333333333333334,negativo
3,estoy muy disgustada,20,13.333333333333334,negativo
3,no funciona nada,40,13.333333333333334,negativo
3,puedo devolver porque,20,13.333333333333334,negativo
3,pero nunca me,20,13.333333333333334,negativo
3,funcionaba bien pero,40,13.333333333333334,negativo
3,mi sorpresa ha,20,13.333333333333334,negativo
3,y a dia,20,13.333333333333334,negativo
3,nadie me ha,20,13.333333333333334,negativo
3,entrega era el,20,13.333333333333334,negativo
3,llegó tarde y,20,13.333333333333334,negativo
3,calidad bastante mala,20,13.333333333333334,negativo
3,el producto pues,20,13.333333333333334,negativo
3,tiempo se me,20,13.333333333333334,negativo
3,nada al final,20,13.333333333333334,negativo
3,he escrito al,20,13.333333333333334,negativo
3,nada no he,20,13.333333333333334,negativo
3,devuelto ya que,20,13.333333333333334,negativo
3,sin hacer nada,20,13.333333333333334,negativo
3,ahora tendré que,20,13.333333333333334,negativo
3,tanto no me,20,13.333333333333334,negativo
3,ha dejado de,590,13.258426966292134,negativo
3,ha llegado el,489,13.216216216216216,negativo
3,devolver el producto,185,13.214285714285714,negativo
3,he recibido y,66,13.2,negativo
3,compra no me,33,13.2,negativo
3,un mes se,66,13.2,negativo
3,realizar la devolución,33,13.2,negativo
3,esperando a que,92,13.142857142857142,negativo
3,de enero y,59,13.11111111111111,negativo
3,es una vergüenza,59,13.11111111111111,negativo
3,mala calidad del,59,13.11111111111111,negativo
3,lo recomiendo en,157,13.083333333333334,negativo
3,mala calidad y,242,13.08108108108108,negativo
3,y lo peor,111,13.058823529411764,negativo
3,esperando que llegue,26,13.0,negativo
3,lo han entregado,65,13.0,negativo
3,no tiene calidad,26,13.0,negativo
3,roto no lo,26,13.0,negativo
3,no cumplen con,26,13.0,negativo
3,ha pasado lo,39,13.0,negativo
3,de funcionar una,26,13.0,negativo
3,dos meses se,39,13.0,negativo
3,roto a los,26,13.0,negativo
3,que dejó de,26,13.0,negativo
3,he seguido las,39,13.0,negativo
3,no llegue a,26,13.0,negativo
3,pedido dos veces,26,13.0,negativo
3,no vale para,588,12.923076923076923,negativo
3,respuesta del vendedor,58,12.88888888888889,negativo
3,a su devolución,45,12.857142857142858,negativo
3,nada es una,45,12.857142857142858,negativo
3,tenido mala suerte,45,12.857142857142858,negativo
3,peor de todo,77,12.833333333333334,negativo
3,amazon no me,64,12.8,negativo
3,se rompe enseguida,32,12.8,negativo
3,de lo peor,64,12.8,negativo
3,dijeron que me,32,12.8,negativo
3,no cumple mis,32,12.8,negativo
3,se pega por,32,12.8,negativo
3,seguido las instrucciones,32,12.8,negativo
3,llegado el paquete,51,12.75,negativo
3,de muy baja,127,12.7,negativo
3,y nadie me,38,12.666666666666666,negativo
3,con este vendedor,38,12.666666666666666,negativo
3,el dinero la,38,12.666666666666666,negativo
3,no merecen la,38,12.666666666666666,negativo
3,porque no funcionaba,38,12.666666666666666,negativo
3,todavía no me,120,12.631578947368421,negativo
3,tuve que tirar,44,12.571428571428571,negativo
3,si llego a,25,12.5,negativo
3,pega en los,25,12.5,negativo
3,recibido no es,25,12.5,negativo
3,demasiado pequeño no,25,12.5,negativo
3,me ha contestado,25,12.5,negativo
3,producto aún no,25,12.5,negativo
3,se ha doblado,25,12.5,negativo
3,pone que el,25,12.5,negativo
3,nunca llegó a,25,12.5,negativo
3,de devolución y,25,12.5,negativo
3,y en mal,25,12.5,negativo
3,a saber no,25,12.5,negativo
3,paquete y no,25,12.5,negativo
3,no aguanta ni,25,12.5,negativo
3,le ha durado,25,12.5,negativo
3,llego roto y,25,12.5,negativo
3,solicité la devolución,25,12.5,negativo
3,la devolución a,25,12.5,negativo
3,no vale no,25,12.5,negativo
3,pantalla no me,25,12.5,negativo
3,parece muy mal,25,12.5,negativo
3,nada el producto,56,12.444444444444445,negativo
3,y se rompen,56,12.444444444444445,negativo
3,me llego la,31,12.4,negativo
3,he devuelto y,93,12.4,negativo
3,no cumple la,31,12.4,negativo
3,protector no se,37,12.333333333333334,negativo
3,he pedido el,37,12.333333333333334,negativo
3,una pena pero,37,12.333333333333334,negativo
3,no me gustaron,43,12.285714285714286,negativo
3,servido para nada,49,12.25,negativo
3,no funciona y,159,12.23076923076923,negativo
3,valorar el producto,55,12.222222222222221,negativo
3,al principio muy,55,12.222222222222221,negativo
3,todavía estoy esperando,55,12.222222222222221,negativo
3,que devolver no,61,12.2,negativo
3,no funciona correctamente,128,12.19047619047619,negativo
3,dos días de,79,12.153846153846153,negativo
3,ha llegado roto,97,12.125,negativo
3,no cumple su,97,12.125,negativo
3,mala calidad el,115,12.105263157894736,negativo
3,mi pedido no,24,12.0,negativo
3,no entiendo como,96,12.0,negativo
3,el producto aún,24,12.0,negativo
3,porque ya no,30,12.0,negativo
3,y no carga,54,12.0,negativo
3,el producto después,24,12.0,negativo
3,una falta de,24,12.0,negativo
3,de entrega era,36,12.0,negativo
3,fue mi sorpresa,24,12.0,negativo
3,ha roto al,30,12.0,negativo
3,ya han pasado,24,12.0,negativo
3,ya no funcionaba,48,12.0,negativo
3,ni lo he,24,12.0,negativo
3,se suponía que,42,12.0,negativo
3,calidad muy baja,36,12.0,negativo
3,es una porquería,36,12.0,negativo
3,funcionar a los,65,11.818181818181818,negativo
3,ha llegado una,59,11.8,negativo
3,la mala calidad,53,11.777777777777779,negativo
3,para nada en,47,11.75,negativo
3,voy a devolver,270,11.73913043478261,negativo
3,pasado lo mismo,41,11.714285714285714,negativo
3,y encima me,41,11.714285714285714,negativo
3,fecha de hoy,41,11.714285714285714,negativo
3,no merece la,444,11.68421052631579,negativo
3,no me llega,70,11.666666666666666,negativo
3,lo han mandado,35,11.666666666666666,negativo
3,de septiembre y,35,11.666666666666666,negativo
3,para nada me,35,11.666666666666666,negativo
3,durado una semana,35,11.666666666666666,negativo
3,no dura nada,128,11.636363636363637,negativo
3,baja calidad no,64,11.636363636363637,negativo
3,se han fundido,29,11.6,negativo
3,se despega el,29,11.6,negativo
3,número de seguimiento,29,11.6,negativo
3,a este proveedor,29,11.6,negativo
3,ha durado dos,58,11.6,negativo
3,ninguno de los,110,11.578947368421053,negativo
3,después de días,81,11.571428571428571,negativo
3,lo pedí y,46,11.5,negativo
3,quiero que me,46,11.5,negativo
3,nadie se ha,23,11.5,negativo
3,se pega en,23,11.5,negativo
3,pagar los gastos,23,11.5,negativo
3,funciona no me,23,11.5,negativo
3,producto pone que,23,11.5,negativo
3,pasado un mes,23,11.5,negativo
3,dice que me,23,11.5,negativo
3,para nada con,23,11.5,negativo
3,voy a intentar,23,11.5,negativo
3,y al intentar,23,11.5,negativo
3,muy mal se,23,11.5,negativo
3,meses ya no,46,11.5,negativo
3,una semana me,23,11.5,negativo
3,abrí el paquete,23,11.5,negativo
3,mala calidad los,23,11.5,negativo
3,un producto usado,23,11.5,negativo
3,muy mala se,23,11.5,negativo
3,he procedido a,23,11.5,negativo
3,pero en dos,23,11.5,negativo
3,un mes el,40,11.428571428571429,negativo
3,al segundo dia,40,11.428571428571429,negativo
3,a amazon y,74,11.384615384615385,negativo
3,ver con lo,51,11.333333333333334,negativo
3,me llega el,34,11.333333333333334,negativo
3,ha llegado uno,34,11.333333333333334,negativo
3,para nada el,124,11.272727272727273,negativo
3,muy mal el,62,11.272727272727273,negativo
3,nunca me había,62,11.272727272727273,negativo
3,con la devolución,45,11.25,negativo
3,no han llegado,45,11.25,negativo
3,y dejo de,45,11.25,negativo
3,sorpresa ha sido,28,11.2,negativo
3,uso ya no,28,11.2,negativo
3,mi pedido y,28,11.2,negativo
3,mala calidad a,28,11.2,negativo
3,llego el paquete,28,11.2,negativo
3,mi experiencia no,28,11.2,negativo
3,y encima no,67,11.166666666666666,negativo
3,se despega no,39,11.142857142857142,negativo
3,he tenido mala,39,11.142857142857142,negativo
3,desde el día,39,11.142857142857142,negativo
3,y nada de,39,11.142857142857142,negativo
3,y me dijeron,61,11.090909090909092,negativo
3,la devolución y,149,11.037037037037036,negativo
3,hace días y,22,11.0,negativo
3,devolver ya que,33,11.0,negativo
3,mes que lo,44,11.0,negativo
3,y me pone,22,11.0,negativo
3,el artículo no,44,11.0,negativo
3,para nada son,22,11.0,negativo
3,no es universal,22,11.0,negativo
3,nada lo he,33,11.0,negativo
3,ha durado una,33,11.0,negativo
3,cabo de dos,22,11.0,negativo
3,un día no,22,11.0,negativo
3,perfecto hasta que,22,11.0,negativo
3,y la devolví,22,11.0,negativo
3,a romper en,22,11.0,negativo
3,no la devolví,22,11.0,negativo
3,al mes de,104,10.947368421052632,negativo
3,el dinero en,71,10.923076923076923,negativo
3,lo devolví no,60,10.909090909090908,negativo
3,perder el tiempo,49,10.88888888888889,negativo
3,tenía buena pinta,38,10.857142857142858,negativo
3,no tiene fuerza,65,10.833333333333334,negativo
3,se despega al,27,10.8,negativo
3,no corresponde con,162,10.8,negativo
3,con la etiqueta,27,10.8,negativo
3,lo hemos devuelto,27,10.8,negativo
3,solo me han,27,10.8,negativo
3,minutos de uso,27,10.8,negativo
3,pero la realidad,27,10.8,negativo
3,dejó de funcionar,372,10.782608695652174,negativo
3,no funciona en,97,10.777777777777779,negativo
3,y todavía no,118,10.727272727272727,negativo
3,no cumple con,182,10.705882352941176,negativo
3,de contactar con,48,10.666666666666666,negativo
3,y es imposible,96,10.666666666666666,negativo
3,un producto nuevo,48,10.666666666666666,negativo
3,una semana no,32,10.666666666666666,negativo
3,era el de,32,10.666666666666666,negativo
3,el dinero muy,32,10.666666666666666,negativo
3,ni un año,69,10.615384615384615,negativo
3,no dura ni,69,10.615384615384615,negativo
3,solo vale para,37,10.571428571428571,negativo
3,y dejó de,37,10.571428571428571,negativo
3,que devolver y,37,10.571428571428571,negativo
3,lo antes posible,37,10.571428571428571,negativo
3,llegó el producto,95,10.555555555555555,negativo
3,lo peor de,100,10.526315789473685,negativo
3,de funcionar el,121,10.521739130434783,negativo
3,ver con la,168,10.5,negativo
3,este producto hace,21,10.5,negativo
3,dijo que me,21,10.5,negativo
3,vendedor es un,21,10.5,negativo
3,no sé dónde,21,10.5,negativo
3,me llegó me,21,10.5,negativo
3,baja calidad del,21,10.5,negativo
3,no se encendía,21,10.5,negativo
3,experiencia con este,21,10.5,negativo
3,la basura y,21,10.5,negativo
3,no ha aguantado,21,10.5,negativo
3,ha roto a,42,10.5,negativo
3,se escucha nada,21,10.5,negativo
3,ahora me toca,21,10.5,negativo
3,con retraso y,21,10.5,negativo
3,se había roto,21,10.5,negativo
3,me he gastado,21,10.5,negativo
3,el asa de,21,10.5,negativo
3,principio muy bien,47,10.444444444444445,negativo
3,que devolver ya,26,10.4,negativo
3,el producto cuando,26,10.4,negativo
3,que devolverlo y,26,10.4,negativo
3,no me carga,26,10.4,negativo
3,muy mal y,26,10.4,negativo
3,de amazon para,26,10.4,negativo
3,la devolución es,26,10.4,negativo
3,no funciona para,52,10.4,negativo
3,se queda bloqueado,26,10.4,negativo
3,la media hora,26,10.4,negativo
3,mes y medio,213,10.390243902439025,negativo
3,producto no me,166,10.375,negativo
3,ninguna de las,83,10.375,negativo
3,meses se ha,57,10.363636363636363,negativo
3,este producto no,207,10.35,negativo
3,hablar con el,31,10.333333333333334,negativo
3,para nada es,124,10.333333333333334,negativo
3,de agosto y,31,10.333333333333334,negativo
3,de ellas se,31,10.333333333333334,negativo
3,comprar no me,36,10.285714285714286,negativo
3,me llego el,144,10.285714285714286,negativo
3,no hace su,36,10.285714285714286,negativo
3,en la devolución,41,10.25,negativo
3,estoy esperando el,46,10.222222222222221,negativo
3,y ha dejado,51,10.2,negativo
3,me dijeron que,163,10.1875,negativo
3,es muy malo,121,10.083333333333334,negativo
3,lo he devuelto,614,10.065573770491802,negativo
3,de funcionar por,35,10.0,negativo
3,ha devuelto el,35,10.0,negativo
3,que no vale,85,10.0,negativo
3,compré el de,45,10.0,negativo
3,de funcionar se,25,10.0,negativo
3,en estas condiciones,30,10.0,negativo
3,y tampoco me,35,10.0,negativo
3,nada la batería,20,10.0,negativo
3,no funcionaba bien,50,10.0,negativo
3,no me merece,20,10.0,negativo
3,a amazon para,25,10.0,negativo
3,funciona no lo,35,10.0,negativo
3,roto por la,35,10.0,negativo
3,duró una semana,20,10.0,negativo
3,una esquina de,20,10.0,negativo
3,sólo me ha,20,10.0,negativo
3,foto y no,30,10.0,negativo
3,un mes ya,30,10.0,negativo
3,siento pero no,30,10.0,negativo
3,no funcionan y,20,10.0,negativo
3,no decir que,20,10.0,negativo
3,no lo recomendaria,35,10.0,negativo
3,los dos se,20,10.0,negativo
3,me llego y,40,10.0,negativo
3,no entiendo que,40,10.0,negativo
3,pantalla por completo,20,10.0,negativo
3,he devuelto la,40,10.0,negativo
3,no reconoce el,25,10.0,negativo
3,dos y no,20,10.0,negativo
3,no han cumplido,20,10.0,negativo
3,tenia que haber,30,10.0,negativo
3,los dos protectores,25,10.0,negativo
3,las semanas de,25,10.0,negativo
3,lo mismo la,20,10.0,negativo
3,en definitiva no,40,10.0,negativo
3,en dos ocasiones,65,10.0,negativo
3,no funciona los,20,10.0,negativo
3,se calienta muchísimo,25,10.0,negativo
3,el auricular derecho,50,10.0,negativo
3,pena no me,20,10.0,negativo
3,me dejó de,25,10.0,negativo
3,es así no,25,10.0,negativo
3,la devolución porque,20,10.0,negativo
3,gustado nada la,25,10.0,negativo
3,lo puedo utilizar,20,10.0,negativo
3,da a entender,25,10.0,negativo
3,un mes lo,20,10.0,negativo
3,ir a correos,25,10.0,negativo
3,lo recomiendo no,253,9.92156862745098,negativo
3,el de enero,84,9.882352941176471,negativo
3,no lo volveria,74,9.866666666666667,negativo
3,el pedido no,138,9.857142857142858,negativo
3,y aún no,202,9.853658536585366,negativo
3,no funciona como,64,9.846153846153847,negativo
3,baja calidad y,59,9.833333333333334,negativo
3,contactar con el,172,9.82857142857143,negativo
3,no hay forma,162,9.818181818181818,negativo
3,meses y ya,54,9.818181818181818,negativo
3,puedo valorar el,49,9.8,negativo
3,los minutos de,49,9.8,negativo
3,el de julio,49,9.8,negativo
3,que el pedido,49,9.8,negativo
3,y deja de,49,9.8,negativo
3,que me pasa,88,9.777777777777779,negativo
3,no lo han,44,9.777777777777779,negativo
3,no sirve para,776,9.761006289308176,negativo
3,me ha devuelto,39,9.75,negativo
3,han enviado el,39,9.75,negativo
3,de retraso y,39,9.75,negativo
3,y a día,39,9.75,negativo
3,las buenas opiniones,39,9.75,negativo
3,ha durado un,73,9.733333333333333,negativo
3,a las semanas,73,9.733333333333333,negativo
3,táctil no funciona,34,9.714285714285714,negativo
3,para nada muy,34,9.714285714285714,negativo
3,que no sirve,92,9.68421052631579,negativo
3,son muy malas,29,9.666666666666666,negativo
3,se despega por,29,9.666666666666666,negativo
3,amazon me devolvió,29,9.666666666666666,negativo
3,porque no funciona,29,9.666666666666666,negativo
3,pantalla táctil no,29,9.666666666666666,negativo
3,cambiarlo por otro,29,9.666666666666666,negativo
3,estoy esperando la,29,9.666666666666666,negativo
3,la pantalla ni,29,9.666666666666666,negativo
3,y encima la,29,9.666666666666666,negativo
3,no es nuevo,29,9.666666666666666,negativo
3,más baratos y,29,9.666666666666666,negativo
3,tenido que devolver,270,9.642857142857142,negativo
3,que es barato,24,9.6,negativo
3,es un desastre,48,9.6,negativo
3,ha roto en,72,9.6,negativo
3,lo han enviado,48,9.6,negativo
3,pero al abrirlo,24,9.6,negativo
3,las pocas horas,24,9.6,negativo
3,pedido y me,24,9.6,negativo
3,lo van a,24,9.6,negativo
3,ni una hora,24,9.6,negativo
3,los dos meses,96,9.6,negativo
3,funciona y el,24,9.6,negativo
3,solo ha llegado,24,9.6,negativo
3,los bordes quedan,24,9.6,negativo
3,para nada como,24,9.6,negativo
3,me encuentro que,24,9.6,negativo
3,de hoy no,72,9.6,negativo
3,me llego roto,24,9.6,negativo
3,pero nada mas,24,9.6,negativo
3,he perdido el,24,9.6,negativo
3,en que lo,24,9.6,negativo
3,se rompe en,24,9.6,negativo
3,de haberlo sabido,24,9.6,negativo
3,con signos de,24,9.6,negativo
3,y nunca me,67,9.571428571428571,negativo
3,no ha funcionado,67,9.571428571428571,negativo
3,ponerme en contacto,119,9.52,negativo
3,llegado la caja,38,9.5,negativo
3,he ido a,52,9.454545454545455,negativo
3,con amazon para,33,9.428571428571429,negativo
3,y sin el,33,9.428571428571429,negativo
3,lo devolví sin,33,9.428571428571429,negativo
3,de nuevo no,33,9.428571428571429,negativo
3,no corresponde al,33,9.428571428571429,negativo
3,el articulo no,33,9.428571428571429,negativo
3,al recibir el,33,9.428571428571429,negativo
3,la he devuelto,193,9.414634146341463,negativo
3,me dice que,160,9.411764705882353,negativo
3,de funcionar y,127,9.407407407407407,negativo
3,de dos meses,141,9.4,negativo
3,y me dice,47,9.4,negativo
3,a dejado de,47,9.4,negativo
3,no lo siguiente,47,9.4,negativo
3,no valen para,103,9.363636363636363,negativo
3,se ha estropeado,117,9.36,negativo
3,uso y se,28,9.333333333333334,negativo
3,y no cubre,56,9.333333333333334,negativo
3,hice la devolución,28,9.333333333333334,negativo
3,roto en la,28,9.333333333333334,negativo
3,muy poca calidad,42,9.333333333333334,negativo
3,nada la calidad,28,9.333333333333334,negativo
3,devolución y me,28,9.333333333333334,negativo
3,que me llegara,28,9.333333333333334,negativo
3,no pega bien,84,9.333333333333334,negativo
3,mes se ha,28,9.333333333333334,negativo
3,para nada al,28,9.333333333333334,negativo
3,y mi sorpresa,28,9.333333333333334,negativo
3,pone que no,28,9.333333333333334,negativo
3,me enviaron una,28,9.333333333333334,negativo
3,la caja sin,28,9.333333333333334,negativo
3,la pena no,79,9.294117647058824,negativo
3,pero lo peor,65,9.285714285714286,negativo
3,el producto no,849,9.278688524590164,negativo
3,los meses se,37,9.25,negativo
3,no me a,323,9.228571428571428,negativo
3,nada lo que,46,9.2,negativo
3,golpe en la,23,9.2,negativo
3,durado muy poco,46,9.2,negativo
3,recomiendo este vendedor,23,9.2,negativo
3,la devolución muy,23,9.2,negativo
3,pequeño no lo,23,9.2,negativo
3,primer uso y,23,9.2,negativo
3,mitad de lo,23,9.2,negativo
3,de mayo y,23,9.2,negativo
3,su compra no,46,9.2,negativo
3,a las pocas,69,9.2,negativo
3,calidad no lo,69,9.2,negativo
3,y no vale,69,9.2,negativo
3,de producto no,23,9.2,negativo
3,un producto en,23,9.2,negativo
3,bien pero ahora,23,9.2,negativo
3,hace buen contacto,23,9.2,negativo
3,un producto y,23,9.2,negativo
3,me hicieron el,23,9.2,negativo
3,roto por el,23,9.2,negativo
3,del producto porque,23,9.2,negativo
3,en resumen no,23,9.2,negativo
3,cabo de meses,23,9.2,negativo
3,para la devolución,55,9.166666666666666,negativo
3,primer día no,32,9.142857142857142,negativo
3,que había sido,32,9.142857142857142,negativo
3,rompió el primer,32,9.142857142857142,negativo
3,pero no merece,32,9.142857142857142,negativo
3,la dirección de,32,9.142857142857142,negativo
3,primer uso se,41,9.11111111111111,negativo
3,a cargar y,41,9.11111111111111,negativo
3,lo siento pero,59,9.076923076923077,negativo
3,es muy mala,127,9.071428571428571,negativo
3,ni una semana,68,9.066666666666666,negativo
3,ha roto la,154,9.058823529411764,negativo
3,si me lo,45,9.0,negativo
3,piezas no encajan,36,9.0,negativo
3,he recibido un,27,9.0,negativo
3,y no sirve,63,9.0,negativo
3,me a durado,36,9.0,negativo
3,tenia que llegar,27,9.0,negativo
3,el problema no,36,9.0,negativo
3,no recibí el,36,9.0,negativo
3,no hace contacto,27,9.0,negativo
3,las pocas semanas,36,9.0,negativo
3,del cristal no,27,9.0,negativo
3,las dos que,27,9.0,negativo
3,no los volvería,45,9.0,negativo
3,el auricular izquierdo,45,9.0,negativo
3,no van bien,27,9.0,negativo
3,la realidad no,27,9.0,negativo
3,y de mala,54,9.0,negativo
3,han roto las,27,9.0,negativo
3,es lo peor,36,9.0,negativo
3,lo han dejado,27,9.0,negativo
3,es muy pobre,36,9.0,negativo
3,a comprar no,125,8.928571428571429,negativo
3,comprar a este,58,8.923076923076923,negativo
3,de un mes,758,8.91764705882353,negativo
3,no aguanta nada,40,8.88888888888889,negativo
3,al mes y,40,8.88888888888889,negativo
3,peor de lo,40,8.88888888888889,negativo
3,me han entregado,31,8.857142857142858,negativo
3,segundo día de,62,8.857142857142858,negativo
3,y medio no,31,8.857142857142858,negativo
3,porque no ha,31,8.857142857142858,negativo
3,es imposible de,44,8.8,negativo
3,lo compré el,44,8.8,negativo
3,y me reembolsaron,22,8.8,negativo
3,poner en contacto,22,8.8,negativo
3,un mes desde,22,8.8,negativo
3,despues de dos,22,8.8,negativo
3,las dos veces,44,8.8,negativo
3,me gustan nada,22,8.8,negativo
3,la garantía y,22,8.8,negativo
3,no tiene potencia,44,8.8,negativo
3,se ponga en,22,8.8,negativo
3,de los gastos,22,8.8,negativo
3,no coinciden los,22,8.8,negativo
3,no soy el,22,8.8,negativo
3,está en garantía,22,8.8,negativo
3,son muy malos,35,8.75,negativo
3,ha durado muy,35,8.75,negativo
3,ni me ha,35,8.75,negativo
3,he pedido la,48,8.727272727272727,negativo
3,devolvieron el dinero,270,8.709677419354838,negativo
3,deja de funcionar,139,8.6875,negativo
3,a los meses,295,8.676470588235293,negativo
3,tres meses de,39,8.666666666666666,negativo
3,un mes después,39,8.666666666666666,negativo
3,y se despega,65,8.666666666666666,negativo
3,no funciona la,130,8.666666666666666,negativo
3,del producto pone,26,8.666666666666666,negativo
3,la devolví y,26,8.666666666666666,negativo
3,aun no ha,39,8.666666666666666,negativo
3,y es mentira,26,8.666666666666666,negativo
3,no lo compres,52,8.666666666666666,negativo
3,pero es imposible,26,8.666666666666666,negativo
3,calidad se me,26,8.666666666666666,negativo
3,no aguanta el,39,8.666666666666666,negativo
3,el paquete con,26,8.666666666666666,negativo
3,llegó la caja,26,8.666666666666666,negativo
3,por no hablar,26,8.666666666666666,negativo
3,cliente de amazon,56,8.615384615384615,negativo
3,de mes y,56,8.615384615384615,negativo
3,en amazon no,43,8.6,negativo
3,en nada a,43,8.6,negativo
3,espera de que,43,8.6,negativo
3,no encaja en,43,8.6,negativo
3,me devolvieron el,279,8.584615384615384,negativo
3,un año no,30,8.571428571428571,negativo
3,recibir el paquete,30,8.571428571428571,negativo
3,un desastre el,30,8.571428571428571,negativo
3,no hace ni,30,8.571428571428571,negativo
3,los tres meses,30,8.571428571428571,negativo
3,he recibido la,77,8.555555555555555,negativo
3,ha llegado es,47,8.545454545454545,negativo
3,no lo pude,47,8.545454545454545,negativo
3,no ha cumplido,64,8.533333333333333,negativo
3,es de mala,179,8.523809523809524,negativo
3,pocos meses de,34,8.5,negativo
3,a los días,204,8.5,negativo
3,no carga bien,34,8.5,negativo
3,de ninguna manera,51,8.5,negativo
3,una pena ya,34,8.5,negativo
3,puedo opinar porque,72,8.470588235294118,negativo
3,estoy a la,72,8.470588235294118,negativo
3,más de días,55,8.461538461538462,negativo
3,nada de nada,224,8.452830188679245,negativo
3,no lo devuelvo,131,8.451612903225806,negativo
3,ni con el,38,8.444444444444445,negativo
3,hay manera de,210,8.4,negativo
3,no vale el,21,8.4,negativo
3,y al poco,42,8.4,negativo
3,tan poco tiempo,21,8.4,negativo
3,mal no me,42,8.4,negativo
3,no tengo tiempo,21,8.4,negativo
3,de la devolución,84,8.4,negativo
3,decepcionado ya que,21,8.4,negativo
3,la semana pasada,21,8.4,negativo
3,pero no no,21,8.4,negativo
3,la respuesta del,21,8.4,negativo
3,no lo compraria,21,8.4,negativo
3,va muy lento,21,8.4,negativo
3,no encaja con,42,8.4,negativo
3,meses empezó a,21,8.4,negativo
3,malo no se,21,8.4,negativo
3,después de comprarlo,21,8.4,negativo
3,dejo de cargar,21,8.4,negativo
3,hasta que ha,21,8.4,negativo
3,que ni se,21,8.4,negativo
3,se rompió no,21,8.4,negativo
3,pero al día,21,8.4,negativo
3,único bueno que,21,8.4,negativo
3,no me sirve,243,8.379310344827585,negativo
3,dejaron de funcionar,67,8.375,negativo
3,resulta que no,46,8.363636363636363,negativo
3,me ha llegado,1895,8.348017621145374,negativo
3,cubre la totalidad,25,8.333333333333334,negativo
3,recomiendo no se,25,8.333333333333334,negativo
3,prevista de entrega,25,8.333333333333334,negativo
3,calidad no la,25,8.333333333333334,negativo
3,en mi cuenta,25,8.333333333333334,negativo
3,llegó en mal,25,8.333333333333334,negativo
3,sin ni siquiera,25,8.333333333333334,negativo
3,a los minutos,112,8.296296296296296,negativo
3,fecha de entrega,290,8.285714285714286,negativo
3,una calidad pésima,29,8.285714285714286,negativo
3,llegado a mi,29,8.285714285714286,negativo
3,la devolución la,29,8.285714285714286,negativo
3,a y no,29,8.285714285714286,negativo
3,al servicio técnico,29,8.285714285714286,negativo
3,me parece fatal,29,8.285714285714286,negativo
3,tuve que quitar,29,8.285714285714286,negativo
3,baja calidad se,29,8.285714285714286,negativo
3,no hay manera,297,8.25,negativo
3,que me envíen,33,8.25,negativo
3,funciona no se,33,8.25,negativo
3,un mes para,33,8.25,negativo
3,y de repente,33,8.25,negativo
3,ni dos meses,33,8.25,negativo
3,me han contestado,33,8.25,negativo
3,es para nada,74,8.222222222222221,negativo
3,más y comprar,37,8.222222222222221,negativo
3,el paquete y,152,8.216216216216216,negativo
3,de funcionar sin,41,8.2,negativo
3,no tiene suficiente,41,8.2,negativo
3,agua por la,41,8.2,negativo
3,al tercer día,45,8.181818181818182,negativo
3,no cumple las,45,8.181818181818182,negativo
3,porque no puedo,45,8.181818181818182,negativo
3,hay forma de,139,8.176470588235293,negativo
3,un mes que,94,8.173913043478262,negativo
3,no me llegó,188,8.173913043478262,negativo
3,no volveria a,49,8.166666666666666,negativo
3,opinar sobre el,53,8.153846153846153,negativo
3,el pedido y,183,8.133333333333333,negativo
3,no se corresponden,61,8.133333333333333,negativo
3,lo tanto no,126,8.129032258064516,negativo
3,se parece en,65,8.125,negativo
3,me gusta nada,150,8.108108108108109,negativo
3,tenido que devolverlo,81,8.1,negativo
3,producto y no,93,8.08695652173913,negativo
3,no funciona bien,289,8.027777777777779,negativo
3,final lo barato,20,8.0,negativo
3,recoger el paquete,20,8.0,negativo
3,esto no se,20,8.0,negativo
3,no lo puedo,184,8.0,negativo
3,de gastos de,20,8.0,negativo
3,no he obtenido,20,8.0,negativo
3,a finales de,24,8.0,negativo
3,no lo entiendo,48,8.0,negativo
3,de funcionar lo,28,8.0,negativo
3,rota y el,28,8.0,negativo
3,gustado nada es,40,8.0,negativo
3,pocos minutos de,20,8.0,negativo
3,pantalla es más,20,8.0,negativo
3,para ese modelo,20,8.0,negativo
3,del mismo no,24,8.0,negativo
3,después de que,20,8.0,negativo
3,a la tercera,60,8.0,negativo
3,tuve que reclamar,20,8.0,negativo
3,un producto no,20,8.0,negativo
3,mi sorpresa que,36,8.0,negativo
3,al primer uso,52,8.0,negativo
3,vuelvo a pedir,20,8.0,negativo
3,muy mal por,60,8.0,negativo
3,fecha prevista de,32,8.0,negativo
3,de nada el,20,8.0,negativo
3,es de juguete,20,8.0,negativo
3,al ir a,40,8.0,negativo
3,que lo voy,20,8.0,negativo
3,en absoluto el,24,8.0,negativo
3,en absoluto es,28,8.0,negativo
3,con menos de,32,8.0,negativo
3,lo puedo valorar,24,8.0,negativo
3,no puedo calificar,20,8.0,negativo
3,y se supone,32,8.0,negativo
3,a los segundos,28,8.0,negativo
3,dicen que me,20,8.0,negativo
3,para nada un,28,8.0,negativo
3,un mensaje de,28,8.0,negativo
3,de la garantía,40,8.0,negativo
3,dudo que sea,24,8.0,negativo
3,me llegó no,28,8.0,negativo
3,sido capaz de,48,8.0,negativo
3,ni tan siquiera,36,8.0,negativo
3,fui capaz de,24,8.0,negativo
3,no puedo usarlo,20,8.0,negativo
3,se rompio la,24,8.0,negativo
3,mes después de,24,8.0,negativo
3,y para nada,32,8.0,negativo
3,que lo usé,20,8.0,negativo
3,veces y las,32,8.0,negativo
3,invertir un poco,20,8.0,negativo
3,funcionar a la,20,8.0,negativo
3,entra en el,24,8.0,negativo
3,no la volveria,20,8.0,negativo
3,parece a la,20,8.0,negativo
3,no me an,20,8.0,negativo
3,el transportista no,20,8.0,negativo
3,al principio parecía,24,8.0,negativo
3,en mal estado,287,7.972222222222222,negativo
3,a este vendedor,135,7.9411764705882355,negativo
3,que comprar otro,119,7.933333333333334,negativo
3,se ha roto,690,7.931034482758621,negativo
3,me ha durado,448,7.929203539823009,negativo
3,no se enciende,111,7.928571428571429,negativo
3,han dejado de,71,7.888888888888889,negativo
3,calidad no me,67,7.882352941176471,negativo
3,y me dicen,67,7.882352941176471,negativo
3,de los tres,67,7.882352941176471,negativo
3,ha llegado la,122,7.870967741935484,negativo
3,ver si me,59,7.866666666666666,negativo
3,se ha rajado,59,7.866666666666666,negativo
3,dos de los,55,7.857142857142857,negativo
3,el producto sin,47,7.833333333333333,negativo
3,en un mes,90,7.826086956521739,negativo
3,y ya no,524,7.82089552238806,negativo
3,me han mandado,117,7.8,negativo
3,producto después de,39,7.8,negativo
3,que un producto,39,7.8,negativo
3,el dinero de,39,7.8,negativo
3,el producto porque,109,7.785714285714286,negativo
3,ha llegado pero,35,7.777777777777778,negativo
3,no funcionaba la,35,7.777777777777778,negativo
3,que devolver la,35,7.777777777777778,negativo
3,soy capaz de,31,7.75,negativo
3,parece en nada,62,7.75,negativo
3,no tengo el,31,7.75,negativo
3,no me fue,31,7.75,negativo
3,fuera de plazo,31,7.75,negativo
3,de dinero y,31,7.75,negativo
3,me lo han,197,7.7254901960784315,negativo
3,y ya se,247,7.71875,negativo
3,lo mismo no,54,7.714285714285714,negativo
3,el paquete que,27,7.714285714285714,negativo
3,por dos veces,27,7.714285714285714,negativo
3,cual es mi,27,7.714285714285714,negativo
3,no lo detecta,27,7.714285714285714,negativo
3,nada q ver,27,7.714285714285714,negativo
3,de repente se,27,7.714285714285714,negativo
3,opinar porque no,27,7.714285714285714,negativo
3,tenido que quitar,54,7.714285714285714,negativo
3,muy débil y,27,7.714285714285714,negativo
3,la descripción dice,27,7.714285714285714,negativo
3,no queda nada,27,7.714285714285714,negativo
3,a la segunda,77,7.7,negativo
3,no se corresponde,254,7.696969696969697,negativo
3,no coincide con,92,7.666666666666667,negativo
3,de devolver el,23,7.666666666666667,negativo
3,no cumplen su,23,7.666666666666667,negativo
3,medio de uso,23,7.666666666666667,negativo
3,lo menos me,23,7.666666666666667,negativo
3,al día de,23,7.666666666666667,negativo
3,ha venido la,23,7.666666666666667,negativo
3,no funciona al,23,7.666666666666667,negativo
3,la devolución por,23,7.666666666666667,negativo
3,tengo que esperar,23,7.666666666666667,negativo
3,pone en contacto,23,7.666666666666667,negativo
3,dos meses después,23,7.666666666666667,negativo
3,por la mala,23,7.666666666666667,negativo
3,no funciona el,180,7.659574468085107,negativo
3,voy a devolverlo,65,7.647058823529412,negativo
3,me reembolsaron el,42,7.636363636363637,negativo
3,esto es una,42,7.636363636363637,negativo
3,no lo compraría,61,7.625,negativo
3,en este producto,38,7.6,negativo
3,se han roto,148,7.589743589743589,negativo
3,para nada y,72,7.578947368421052,negativo
3,vez que me,159,7.571428571428571,negativo
3,la devolución de,53,7.571428571428571,negativo
3,los meses de,87,7.565217391304348,negativo
3,se ha pasado,34,7.555555555555555,negativo
3,ha decepcionado bastante,34,7.555555555555555,negativo
3,no es verdad,60,7.5,negativo
3,un golpe en,45,7.5,negativo
3,que no funciona,135,7.5,negativo
3,pero no funciona,120,7.5,negativo
3,decepcionada con la,30,7.5,negativo
3,pero muy mal,30,7.5,negativo
3,hice un pedido,30,7.5,negativo
3,no corresponde a,45,7.5,negativo
3,hace dos meses,45,7.5,negativo
3,no la volvería,112,7.466666666666667,negativo
3,nada y no,56,7.466666666666667,negativo
3,que devolver el,97,7.461538461538462,negativo
3,con el fabricante,41,7.454545454545454,negativo
3,muy poco no,41,7.454545454545454,negativo
3,bien hasta que,67,7.444444444444445,negativo
3,todo el borde,26,7.428571428571429,negativo
3,caja abierta y,26,7.428571428571429,negativo
3,ni a la,26,7.428571428571429,negativo
3,me he tenido,26,7.428571428571429,negativo
3,sorpresa fue que,26,7.428571428571429,negativo
3,ya que nunca,26,7.428571428571429,negativo
3,servicio técnico de,26,7.428571428571429,negativo
3,compré por las,26,7.428571428571429,negativo
3,la semana ya,26,7.428571428571429,negativo
3,menos de un,319,7.4186046511627906,negativo
3,solo me ha,63,7.411764705882353,negativo
3,menos de dos,63,7.411764705882353,negativo
3,pero a las,37,7.4,negativo
3,reembolsaron el dinero,37,7.4,negativo
3,por cada lado,59,7.375,negativo
3,después de más,59,7.375,negativo
3,a los tres,81,7.363636363636363,negativo
3,al segundo día,125,7.352941176470588,negativo
3,en proceso de,33,7.333333333333333,negativo
3,que dejar de,33,7.333333333333333,negativo
3,cuando se lo,22,7.333333333333333,negativo
3,dos días no,22,7.333333333333333,negativo
3,más no me,33,7.333333333333333,negativo
3,se a roto,44,7.333333333333333,negativo
3,y de baja,22,7.333333333333333,negativo
3,llegado a casa,22,7.333333333333333,negativo
3,pensando en devolverlo,22,7.333333333333333,negativo
3,ni de coña,33,7.333333333333333,negativo
3,ha roto muy,22,7.333333333333333,negativo
3,con el dispositivo,22,7.333333333333333,negativo
3,pero al abrir,22,7.333333333333333,negativo
3,defectuoso y no,22,7.333333333333333,negativo
3,carga la batería,22,7.333333333333333,negativo
3,dos días se,33,7.333333333333333,negativo
3,pone que se,22,7.333333333333333,negativo
3,no los reconoce,22,7.333333333333333,negativo
3,de amazon de,22,7.333333333333333,negativo
3,nada más ponerlo,22,7.333333333333333,negativo
3,de cargar y,22,7.333333333333333,negativo
3,batería y no,22,7.333333333333333,negativo
3,un año el,22,7.333333333333333,negativo
3,ha llegado de,22,7.333333333333333,negativo
3,tiene no lo,22,7.333333333333333,negativo
3,hace pensar que,22,7.333333333333333,negativo
3,mucha facilidad no,22,7.333333333333333,negativo
3,en pocos meses,22,7.333333333333333,negativo
3,no funciona con,106,7.310344827586207,negativo
3,los dos días,157,7.3023255813953485,negativo
3,producto y me,51,7.285714285714286,negativo
3,nada es un,51,7.285714285714286,negativo
3,los he devuelto,102,7.285714285714286,negativo
3,no me funcionó,40,7.2727272727272725,negativo
3,un saludo no,40,7.2727272727272725,negativo
3,cristal templado no,40,7.2727272727272725,negativo
3,da la opción,29,7.25,negativo
3,no hubo manera,29,7.25,negativo
3,ponerse en contacto,29,7.25,negativo
3,con muy poco,58,7.25,negativo
3,meses y medio,29,7.25,negativo
3,no la devuelvo,29,7.25,negativo
3,no funcionaba correctamente,29,7.25,negativo
3,vendedor para que,29,7.25,negativo
3,no ha venido,29,7.25,negativo
3,a entender que,29,7.25,negativo
3,no se adhiere,83,7.217391304347826,negativo
3,pero ya no,54,7.2,negativo
3,de dos semanas,72,7.2,negativo
3,muy mal estado,36,7.2,negativo
3,al pie de,36,7.2,negativo
3,no es por,54,7.2,negativo
3,no es compatible,201,7.178571428571429,negativo
3,compré pensando que,61,7.176470588235294,negativo
3,de amazon me,43,7.166666666666667,negativo
3,tiene nada de,43,7.166666666666667,negativo
3,a la semana,326,7.164835164835165,negativo
3,no lo volvería,365,7.1568627450980395,negativo
3,amazon y me,50,7.142857142857143,negativo
3,y al abrirlo,25,7.142857142857143,negativo
3,mi sorpresa es,25,7.142857142857143,negativo
3,problema no es,25,7.142857142857143,negativo
3,en ninguno de,25,7.142857142857143,negativo
3,los comentarios positivos,25,7.142857142857143,negativo
3,se despega y,50,7.142857142857143,negativo
3,y muy poco,25,7.142857142857143,negativo
3,mal por parte,25,7.142857142857143,negativo
3,directo a la,25,7.142857142857143,negativo
3,por el borde,25,7.142857142857143,negativo
3,y el segundo,64,7.111111111111111,negativo
3,no me duró,32,7.111111111111111,negativo
3,la devolución pero,32,7.111111111111111,negativo
3,nos dimos cuenta,32,7.111111111111111,negativo
3,después de semanas,32,7.111111111111111,negativo
3,lo devuelvo porque,92,7.076923076923077,negativo
3,buena pinta pero,99,7.071428571428571,negativo
3,una lástima porque,67,7.052631578947368,negativo
3,no volvería a,229,7.046153846153846,negativo
3,ha durado nada,35,7.0,negativo
3,y el dinero,21,7.0,negativo
3,dos veces y,126,7.0,negativo
3,en dos semanas,35,7.0,negativo
3,he quedado con,21,7.0,negativo
3,me parece increíble,21,7.0,negativo
3,el y el,35,7.0,negativo
3,no llega el,21,7.0,negativo
3,no ha hecho,21,7.0,negativo
3,de una devolución,21,7.0,negativo
3,una cosa y,35,7.0,negativo
3,bordes no se,28,7.0,negativo
3,pero de repente,21,7.0,negativo
3,tramitar la devolución,21,7.0,negativo
3,he podido usarlo,21,7.0,negativo
3,el rato y,28,7.0,negativo
3,la foto ni,28,7.0,negativo
3,lo recibí y,28,7.0,negativo
3,pena la verdad,21,7.0,negativo
3,ha despegado la,28,7.0,negativo
3,por la caja,28,7.0,negativo
3,que ya había,28,7.0,negativo
3,ya había sido,21,7.0,negativo
3,y el mismo,21,7.0,negativo
3,no se pudo,28,7.0,negativo
3,devuelto porque no,35,7.0,negativo
3,baja calidad de,21,7.0,negativo
3,y encima se,21,7.0,negativo
3,hasta el punto,49,7.0,negativo
3,tenido que devolverla,28,7.0,negativo
3,el mismo dia,35,7.0,negativo
3,no llegó el,21,7.0,negativo
3,día se me,21,7.0,negativo
3,no se veía,21,7.0,negativo
3,tendré que buscar,21,7.0,negativo
3,le doy tres,55,inf,neutro
3,doy tres estrellas,61,122.0,neutro
3,tres estrellas por,36,72.0,neutro
3,tres estrellas porque,69,46.0,neutro
3,pongo tres estrellas,46,46.0,neutro
3,le pongo tres,40,26.666666666666668,neutro
3,más estrellas porque,28,8.0,neutro
3,la perfección muy,30,inf,positivo
3,duda lo recomiendo,50,inf,positivo
3,se mueve nada,21,inf,positivo
3,compra muy buena,33,inf,positivo
3,encantada con este,24,inf,positivo
3,totalmente compatible con,22,inf,positivo
3,buena calidad recomendable,23,inf,positivo
3,genial muy buena,20,inf,positivo
3,recomiendo sin duda,80,inf,positivo
3,me encanta no,25,inf,positivo
3,todo perfecto me,23,inf,positivo
3,bien bien bien,25,inf,positivo
3,calidad precio estupendo,23,inf,positivo
3,única pega por,22,inf,positivo
3,muy contenta muy,21,inf,positivo
3,producto muy recomendable,53,inf,positivo
3,recomiendo muy buen,21,inf,positivo
3,recomendable muy buena,27,inf,positivo
3,y con gran,34,inf,positivo
3,muy recomendable es,49,inf,positivo
3,buena calidad estoy,25,inf,positivo
3,genial me encanta,20,inf,positivo
3,la compra perfecto,21,inf,positivo
3,para llevar todo,23,inf,positivo
3,perfecto calidad precio,31,inf,positivo
3,comprarlo sin duda,33,inf,positivo
3,y muy cómodos,22,inf,positivo
3,buena calidad perfecto,24,inf,positivo
3,compra la recomiendo,20,inf,positivo
3,vendedor muy recomendable,20,inf,positivo
3,calidad precio insuperable,24,inf,positivo
3,muy recomendable muy,43,inf,positivo
3,que estoy encantada,21,inf,positivo
3,hijo esta encantado,20,inf,positivo
3,sin duda volveré,20,inf,positivo
3,duda volveré a,20,inf,positivo
3,lo recomiendo totalmente,77,154.0,positivo
3,buen precio muy,56,112.0,positivo
3,perfecto tal y,54,108.0,positivo
3,perfecto para los,46,92.0,positivo
3,ha encantado es,88,88.0,positivo
3,buena calidad cumple,44,88.0,positivo
3,sido un acierto,43,86.0,positivo
3,que envidiar a,85,85.0,positivo
3,la compra buena,40,80.0,positivo
3,perfecto lo recomiendo,40,80.0,positivo
3,ha encantado muy,40,80.0,positivo
3,encanta es muy,37,74.0,positivo
3,recomiendo a todos,36,72.0,positivo
3,precio y buena,34,68.0,positivo
3,muy recomendable y,34,68.0,positivo
3,y la recomiendo,34,68.0,positivo
3,buena compra muy,66,66.0,positivo
3,recomiendo buena calidad,33,66.0,positivo
3,lo recomiendo perfecto,33,66.0,positivo
3,cuatro estrellas porque,32,64.0,positivo
3,nada que envidiar,96,64.0,positivo
3,la recomiendo sin,32,64.0,positivo
3,y precio muy,31,62.0,positivo
3,compra buena calidad,30,60.0,positivo
3,me encanta este,60,60.0,positivo
3,cumplen perfectamente su,29,58.0,positivo
3,perfecto tal como,29,58.0,positivo
3,y muy manejable,29,58.0,positivo
3,nos ha encantado,56,56.0,positivo
3,calidad precio fácil,28,56.0,positivo
3,precio muy buen,28,56.0,positivo
3,y es genial,28,56.0,positivo
3,perfecto buena calidad,54,54.0,positivo
3,compra lo recomiendo,54,54.0,positivo
3,de montar muy,27,54.0,positivo
3,excelente relación calidad,105,52.5,positivo
3,sin duda volvería,26,52.0,positivo
3,duda volvería a,26,52.0,positivo
3,buena compra calidad,26,52.0,positivo
3,buen precio buen,26,52.0,positivo
3,y funciona genial,26,52.0,positivo
3,estoy encantado con,77,51.333333333333336,positivo
3,buen producto me,51,51.0,positivo
3,estoy encantada con,126,50.4,positivo
3,ha encantado se,25,50.0,positivo
3,y muy comodo,25,50.0,positivo
3,ha encantado me,25,50.0,positivo
3,regalo perfecto para,24,48.0,positivo
3,bien muy contento,24,48.0,positivo
3,un precio estupendo,24,48.0,positivo
3,buena calidad funciona,24,48.0,positivo
3,calidad cumple con,24,48.0,positivo
3,encantado es muy,24,48.0,positivo
3,buen producto funciona,23,46.0,positivo
3,sin duda los,23,46.0,positivo
3,todo perfecto tal,23,46.0,positivo
3,recomendable buena calidad,23,46.0,positivo
3,bien buena compra,23,46.0,positivo
3,le encantó es,23,46.0,positivo
3,ok ok ok,44,44.0,positivo
3,calidad muy buen,22,44.0,positivo
3,encantados con el,22,44.0,positivo
3,gustado mucho muy,22,44.0,positivo
3,una bolsita para,22,44.0,positivo
3,recomiendo muy buena,22,44.0,positivo
3,producto lo recomiendo,43,43.0,positivo
3,recomiendo buen producto,21,42.0,positivo
3,lo recomiendo buena,42,42.0,positivo
3,encantada con su,21,42.0,positivo
3,muy bien perfecto,42,42.0,positivo
3,bien perfecto para,21,42.0,positivo
3,precio de momento,21,42.0,positivo
3,solo tienes que,21,42.0,positivo
3,compra a mi,21,42.0,positivo
3,cumple perfectamente las,21,42.0,positivo
3,buen precio se,21,42.0,positivo
3,muy contenta lo,21,42.0,positivo
3,buena compra sin,21,42.0,positivo
3,producto y buen,21,42.0,positivo
3,un regalo perfecto,21,42.0,positivo
3,calidad precio producto,20,40.0,positivo
3,ideal para regalo,20,40.0,positivo
3,me ha impresionado,20,40.0,positivo
3,un acierto total,20,40.0,positivo
3,cumple todas mis,20,40.0,positivo
3,perfecto para mis,20,40.0,positivo
3,todos los detalles,20,40.0,positivo
3,libro muy recomendable,20,40.0,positivo
3,me encanta esta,40,40.0,positivo
3,perfecto me ha,39,39.0,positivo
3,estamos muy contentos,76,38.0,positivo
3,perfecta para mi,36,36.0,positivo
3,calidad precio inmejorable,89,35.6,positivo
3,ha sorprendido gratamente,53,35.333333333333336,positivo
3,buena calidad buena,35,35.0,positivo
3,perfecta para la,34,34.0,positivo
3,muy buena compra,371,33.72727272727273,positivo
3,todo un acierto,84,33.6,positivo
3,genial lo recomiendo,33,33.0,positivo
3,muy bien buena,96,32.0,positivo
3,perfecto estado muy,32,32.0,positivo
3,lo recomiendo todo,32,32.0,positivo
3,buen producto cumple,47,31.333333333333332,positivo
3,calidad y fácil,31,31.0,positivo
3,tiene todo lo,31,31.0,positivo
3,le encantó a,31,31.0,positivo
3,buen precio me,31,31.0,positivo
3,calidad a buen,46,30.666666666666668,positivo
3,además viene con,46,30.666666666666668,positivo
3,buen producto se,45,30.0,positivo
3,producto y muy,30,30.0,positivo
3,precio muy recomendable,30,30.0,positivo
3,recibido antes de,30,30.0,positivo
3,la compra buen,30,30.0,positivo
3,recomiendo a todo,30,30.0,positivo
3,buena compra me,44,29.333333333333332,positivo
3,calidad y buen,102,29.142857142857142,positivo
3,mundo de la,29,29.0,positivo
3,me encanta muy,29,29.0,positivo
3,mi hijo esta,29,29.0,positivo
3,y funciona perfecto,29,29.0,positivo
3,me encanta lo,43,28.666666666666668,positivo
3,se ajustan perfectamente,43,28.666666666666668,positivo
3,encantada con la,99,28.285714285714285,positivo
3,de momento sin,28,28.0,positivo
3,y buena relación,28,28.0,positivo
3,la recomiendo totalmente,28,28.0,positivo
3,perfecto para una,28,28.0,positivo
3,esta muy contenta,28,28.0,positivo
3,sido todo un,28,28.0,positivo
3,perfecto cumple con,28,28.0,positivo
3,y le encantó,97,27.714285714285715,positivo
3,lo recomiendo sin,83,27.666666666666668,positivo
3,todo perfecto y,110,27.5,positivo
3,perfecto para lo,54,27.0,positivo
3,calidad precio todo,27,27.0,positivo
3,muy contento y,27,27.0,positivo
3,calidad precio excelente,94,26.857142857142858,positivo
3,por ahora todo,40,26.666666666666668,positivo
3,y perfecto para,39,26.0,positivo
3,y fácil montaje,26,26.0,positivo
3,comprar sin dudarlo,26,26.0,positivo
3,sigue como el,26,26.0,positivo
3,precio me encanta,26,26.0,positivo
3,un gran acierto,26,26.0,positivo
3,y muy buen,102,25.5,positivo
3,a comprar sin,127,25.4,positivo
3,perfecto para llevar,38,25.333333333333332,positivo
3,a comprarlo sin,50,25.0,positivo
3,perfecto a mi,25,25.0,positivo
3,recomiendo calidad precio,25,25.0,positivo
3,producto perfecto para,25,25.0,positivo
3,genial es muy,25,25.0,positivo
3,recomendable calidad precio,25,25.0,positivo
3,mi hijo encantado,25,25.0,positivo
3,mucho lo recomiendo,25,25.0,positivo
3,buen precio calidad,25,25.0,positivo
3,y muy completo,25,25.0,positivo
3,me ha encantado,523,24.904761904761905,positivo
3,y está encantado,37,24.666666666666668,positivo
3,muy buena relacion,37,24.666666666666668,positivo
3,son perfectos para,37,24.666666666666668,positivo
3,y estoy encantada,49,24.5,positivo
3,ha encantado la,73,24.333333333333332,positivo
3,y le encanta,48,24.0,positivo
3,por ponerle una,60,24.0,positivo
3,buen producto muy,60,24.0,positivo
3,calidad muy bien,36,24.0,positivo
3,todo correcto muy,24,24.0,positivo
3,envio rápido y,24,24.0,positivo
3,precio buena calidad,36,24.0,positivo
3,funciona perfectamente muy,36,24.0,positivo
3,la descripción muy,36,24.0,positivo
3,muy resistentes y,24,24.0,positivo
3,sin duda muy,36,24.0,positivo
3,todo un éxito,24,24.0,positivo
3,perfecto muy buena,36,24.0,positivo
3,muy elegante y,59,23.6,positivo
3,contenta con mi,35,23.333333333333332,positivo
3,perfectamente con las,35,23.333333333333332,positivo
3,precio es excelente,35,23.333333333333332,positivo
3,y muy fácil,92,23.0,positivo
3,calidad precio perfecta,46,23.0,positivo
3,está muy contenta,46,23.0,positivo
3,perfecto es un,23,23.0,positivo
3,buena calidad tal,23,23.0,positivo
3,muy recomendable me,23,23.0,positivo
3,compra buen producto,23,23.0,positivo
3,muy recomendable buena,23,23.0,positivo
3,precio más que,34,22.666666666666668,positivo
3,ideal para llevar,34,22.666666666666668,positivo
3,práctico y fácil,34,22.666666666666668,positivo
3,comprar sin duda,68,22.666666666666668,positivo
3,muy buen producto,499,22.177777777777777,positivo
3,muy buena relación,243,22.09090909090909,positivo
3,calidad muy bueno,22,22.0,positivo
3,muy practico y,66,22.0,positivo
3,recomendable me ha,33,22.0,positivo
3,vino muy bien,22,22.0,positivo
3,muy bien escrito,22,22.0,positivo
3,los amantes de,44,22.0,positivo
3,compra cumple con,22,22.0,positivo
3,me parece genial,22,22.0,positivo
3,muy contenta es,33,22.0,positivo
3,muy recomendable si,22,22.0,positivo
3,muy completo para,22,22.0,positivo
3,encantada con esta,22,22.0,positivo
3,muy buena me,33,22.0,positivo
3,las mejores compras,22,22.0,positivo
3,mucho mejor de,43,21.5,positivo
3,justo lo que,641,21.366666666666667,positivo
3,de momento perfecto,32,21.333333333333332,positivo
3,momento estoy muy,32,21.333333333333332,positivo
3,momento va muy,32,21.333333333333332,positivo
3,rapido y en,32,21.333333333333332,positivo
3,contentos con la,85,21.25,positivo
3,compra muy recomendable,53,21.2,positivo
3,buena compra y,74,21.142857142857142,positivo
3,fue para regalo,21,21.0,positivo
3,buena compra es,63,21.0,positivo
3,precio buen producto,42,21.0,positivo
3,bastante bien muy,21,21.0,positivo
3,perfectamente su funcion,21,21.0,positivo
3,es perfecto es,21,21.0,positivo
3,sorprendido la calidad,21,21.0,positivo
3,calidad lo recomiendo,42,21.0,positivo
3,ha sorprendido el,21,21.0,positivo
3,y sigue como,21,21.0,positivo
3,producto relación calidad,21,21.0,positivo
3,nota la calidad,21,21.0,positivo
3,no se estropea,21,21.0,positivo
3,estamos encantados con,21,21.0,positivo
3,y rápido en,21,21.0,positivo
3,sin duda lo,94,20.88888888888889,positivo
3,buen regalo para,31,20.666666666666668,positivo
3,j j j,31,20.666666666666668,positivo
3,y es perfecto,51,20.4,positivo
3,ponerle un pero,51,20.4,positivo
3,lo recomiendo buen,30,20.0,positivo
3,todas mis expectativas,50,20.0,positivo
3,todo según lo,30,20.0,positivo
3,perfecto lo compré,20,20.0,positivo
3,suave y muy,20,20.0,positivo
3,muy grande ni,20,20.0,positivo
3,rápido y todo,30,20.0,positivo
3,cinco estrellas por,20,20.0,positivo
3,le pongo cinco,20,20.0,positivo
3,son fuertes y,20,20.0,positivo
3,cómodo y muy,20,20.0,positivo
3,muy recomendable la,40,20.0,positivo
3,rapido el envio,20,20.0,positivo
3,va perfecto es,20,20.0,positivo
3,encantado con el,69,19.714285714285715,positivo
3,cumple perfectamente su,177,19.666666666666668,positivo
3,hijo está encantado,49,19.6,positivo
3,bien lo recomiendo,88,19.555555555555557,positivo
3,calidad precio perfecto,88,19.555555555555557,positivo
3,todo en perfecto,39,19.5,positivo
3,me han sorprendido,39,19.5,positivo
3,buena compra a,39,19.5,positivo
3,en cualquier lugar,39,19.5,positivo
3,cumple con todo,39,19.5,positivo
3,un toque muy,29,19.333333333333332,positivo
3,buena calidad tiene,29,19.333333333333332,positivo
3,usar y de,29,19.333333333333332,positivo
3,perfecto para mi,77,19.25,positivo
3,perfectamente su función,153,19.125,positivo
3,un tamaño perfecto,38,19.0,positivo
3,muy contentos con,85,18.88888888888889,positivo
3,y buena calidad,236,18.88,positivo
3,calidad precio genial,66,18.857142857142858,positivo
3,engancha desde el,28,18.666666666666668,positivo
3,muy cómodos de,28,18.666666666666668,positivo
3,todas las expectativas,65,18.571428571428573,positivo
3,y muy buena,83,18.444444444444443,positivo
3,ideal para los,46,18.4,positivo
3,y está encantada,46,18.4,positivo
3,muy satisfecho con,156,18.352941176470587,positivo
3,me gusta todo,64,18.285714285714285,positivo
3,precio muy buena,200,18.181818181818183,positivo
3,muy entretenido para,27,18.0,positivo
3,es un acierto,27,18.0,positivo
3,muy completo y,99,18.0,positivo
3,y buen tamaño,27,18.0,positivo
3,me encanta es,90,18.0,positivo
3,y está como,27,18.0,positivo
3,precio muy razonable,27,18.0,positivo
3,producto fácil de,27,18.0,positivo
3,y muy practico,27,18.0,positivo
3,entrega antes de,27,18.0,positivo
3,a tiempo muy,27,18.0,positivo
3,me a encantado,36,18.0,positivo
3,muy práctico y,160,17.77777777777778,positivo
3,momento muy bien,53,17.666666666666668,positivo
3,más que aceptable,53,17.666666666666668,positivo
3,bien todo correcto,35,17.5,positivo
3,encantada con ella,35,17.5,positivo
3,buen producto buen,35,17.5,positivo
3,rápido y es,35,17.5,positivo
3,momento muy contento,35,17.5,positivo
3,va genial para,35,17.5,positivo
3,precio fácil de,35,17.5,positivo
3,me viene genial,26,17.333333333333332,positivo
3,calidad precio buen,52,17.333333333333332,positivo
3,muy bien relación,26,17.333333333333332,positivo
3,momento funciona muy,26,17.333333333333332,positivo
3,muy recomendable para,101,16.833333333333332,positivo
3,envio rapido y,42,16.8,positivo
3,sin duda una,42,16.8,positivo
3,le doy cinco,42,16.8,positivo
3,y muy cómodo,67,16.75,positivo
3,precio está genial,25,16.666666666666668,positivo
3,todas las espectativas,25,16.666666666666668,positivo
3,cumplen muy bien,25,16.666666666666668,positivo
3,que de sobra,25,16.666666666666668,positivo
3,le encanta es,25,16.666666666666668,positivo
3,y te permite,25,16.666666666666668,positivo
3,muy bien viene,25,16.666666666666668,positivo
3,producto muy útil,25,16.666666666666668,positivo
3,fácil de guardar,25,16.666666666666668,positivo
3,perfecto para que,25,16.666666666666668,positivo
3,cumple todas las,50,16.666666666666668,positivo
3,viene genial para,25,16.666666666666668,positivo
3,y buen precio,174,16.571428571428573,positivo
3,la perfección es,33,16.5,positivo
3,es perfecta y,33,16.5,positivo
3,estamos contentos con,33,16.5,positivo
3,y va perfecto,66,16.5,positivo
3,va perfecto para,33,16.5,positivo
3,muy recomendable el,33,16.5,positivo
3,funciona perfectamente la,41,16.4,positivo
3,y buen acabado,41,16.4,positivo
3,bien muy buena,49,16.333333333333332,positivo
3,calidad a un,49,16.333333333333332,positivo
3,y va genial,65,16.25,positivo
3,muy contenta con,618,16.051948051948052,positivo
3,muy contento es,24,16.0,positivo
3,y es perfecta,32,16.0,positivo
3,por ponerle alguna,32,16.0,positivo
3,funciona perfectamente se,24,16.0,positivo
3,me encanta que,24,16.0,positivo
3,una gran compra,80,16.0,positivo
3,pero merece la,64,16.0,positivo
3,compra me gusta,24,16.0,positivo
3,buena me ha,24,16.0,positivo
3,y de limpiar,24,16.0,positivo
3,muy buen servicio,32,16.0,positivo
3,me ayuda a,24,16.0,positivo
3,de tamaño perfecto,24,16.0,positivo
3,adaptan perfectamente a,24,16.0,positivo
3,con un tacto,32,16.0,positivo
3,producto tal como,24,16.0,positivo
3,buena calidad todo,24,16.0,positivo
3,a todas partes,24,16.0,positivo
3,ha gustado todo,79,15.8,positivo
3,va de maravilla,71,15.777777777777779,positivo
3,está encantada con,63,15.75,positivo
3,perfectamente a mi,47,15.666666666666666,positivo
3,es justo lo,219,15.642857142857142,positivo
3,de excelente calidad,39,15.6,positivo
3,y funciona de,39,15.6,positivo
3,muy manejable y,39,15.6,positivo
3,perfecto para el,148,15.578947368421053,positivo
3,tal cual las,31,15.5,positivo
3,y a buen,85,15.454545454545455,positivo
3,muy bonita es,23,15.333333333333334,positivo
3,muy bonito se,23,15.333333333333334,positivo
3,y ha cumplido,23,15.333333333333334,positivo
3,ha quedado genial,23,15.333333333333334,positivo
3,me han encantado,69,15.333333333333334,positivo
3,rápido y fácil,23,15.333333333333334,positivo
3,encantado el producto,23,15.333333333333334,positivo
3,cumple a la,69,15.333333333333334,positivo
3,doy cinco estrellas,46,15.333333333333334,positivo
3,cinco estrellas porque,69,15.333333333333334,positivo
3,y muy práctica,23,15.333333333333334,positivo
3,lo esperado buena,23,15.333333333333334,positivo
3,queda perfecto en,23,15.333333333333334,positivo
3,y quedan genial,23,15.333333333333334,positivo
3,llevaba tiempo buscando,23,15.333333333333334,positivo
3,fácil de entender,23,15.333333333333334,positivo
3,está muy contento,38,15.2,positivo
3,hija está encantada,53,15.142857142857142,positivo
3,satisfecho con la,210,15.0,positivo
3,ponerle alguna pega,30,15.0,positivo
3,calidad precio cumple,45,15.0,positivo
3,estoy bastante contento,30,15.0,positivo
3,buen precio es,45,15.0,positivo
3,regalo y le,112,14.933333333333334,positivo
3,tamaño perfecto para,112,14.933333333333334,positivo
3,buen producto y,238,14.875,positivo
3,perfecto y muy,52,14.857142857142858,positivo
3,encantada con el,74,14.8,positivo
3,perfectamente su cometido,44,14.666666666666666,positivo
3,de momento muy,110,14.666666666666666,positivo
3,pongo cinco estrellas,22,14.666666666666666,positivo
3,por ponerle un,44,14.666666666666666,positivo
3,fácil de lavar,22,14.666666666666666,positivo
3,ideal para mi,22,14.666666666666666,positivo
3,con gran capacidad,22,14.666666666666666,positivo
3,resistente y con,22,14.666666666666666,positivo
3,muy cómoda de,51,14.571428571428571,positivo
3,ha encantado el,102,14.571428571428571,positivo
3,buena calidad a,109,14.533333333333333,positivo
3,de sobra para,29,14.5,positivo
3,usar y muy,29,14.5,positivo
3,precio muy asequible,29,14.5,positivo
3,buen precio buena,29,14.5,positivo
3,contenta con ella,29,14.5,positivo
3,y lo recomiendo,65,14.444444444444445,positivo
3,envio muy rapido,36,14.4,positivo
3,excelente calidad precio,43,14.333333333333334,positivo
3,le ha encantado,399,14.25,positivo
3,entrega muy rápida,64,14.222222222222221,positivo
3,gusta mucho lo,21,14.0,positivo
3,pero cumple perfectamente,21,14.0,positivo
3,y buen producto,35,14.0,positivo
3,muy contento con,651,14.0,positivo
3,precio calidad muy,42,14.0,positivo
3,ideal para que,21,14.0,positivo
3,buena calidad fácil,28,14.0,positivo
3,encajan perfectamente en,21,14.0,positivo
3,ha quedado perfecto,28,14.0,positivo
3,todo perfecto muy,49,14.0,positivo
3,ni un rasguño,21,14.0,positivo
3,muy bien estoy,42,14.0,positivo
3,un pero es,28,14.0,positivo
3,compra de momento,21,14.0,positivo
3,compra calidad precio,28,14.0,positivo
3,ha encantado no,21,14.0,positivo
3,ha llegado perfectamente,21,14.0,positivo
3,momento todo correcto,21,14.0,positivo
3,perfectamente en mi,42,14.0,positivo
3,con buena relación,21,14.0,positivo
3,ideal para hacer,21,14.0,positivo
3,cumple perfectamente con,153,13.909090909090908,positivo
3,es perfecto para,242,13.82857142857143,positivo
3,y funciona muy,124,13.777777777777779,positivo
3,tamaño ideal para,55,13.75,positivo
3,buena calidad muy,151,13.727272727272727,positivo
3,perfectamente con su,96,13.714285714285714,positivo
3,calidad precio de,48,13.714285714285714,positivo
3,y en perfectas,96,13.714285714285714,positivo
3,perfecto lo que,41,13.666666666666666,positivo
3,general muy bien,41,13.666666666666666,positivo
3,que se agradece,41,13.666666666666666,positivo
3,muy bien tal,41,13.666666666666666,positivo
3,muy cómodas y,75,13.636363636363637,positivo
3,un gran producto,34,13.6,positivo
3,buen producto calidad,68,13.6,positivo
3,producto buena calidad,34,13.6,positivo
3,por ahora muy,34,13.6,positivo
3,muy buen resultado,61,13.555555555555555,positivo
3,precio lo recomiendo,61,13.555555555555555,positivo
3,poner una pega,81,13.5,positivo
3,muy practica y,27,13.5,positivo
3,perfecto para la,54,13.5,positivo
3,el mejor que,27,13.5,positivo
3,bien buen precio,20,13.333333333333334,positivo
3,producto se adapta,20,13.333333333333334,positivo
3,le va genial,20,13.333333333333334,positivo
3,poco pero se,20,13.333333333333334,positivo
3,a cualquier sitio,40,13.333333333333334,positivo
3,y muy agradable,20,13.333333333333334,positivo
3,esta encantada con,20,13.333333333333334,positivo
3,perfecto y a,20,13.333333333333334,positivo
3,a mi nieta,20,13.333333333333334,positivo
3,la compra todo,20,13.333333333333334,positivo
3,no ha perdido,20,13.333333333333334,positivo
3,producto muy buena,20,13.333333333333334,positivo
3,resistente y muy,20,13.333333333333334,positivo
3,muy contento de,20,13.333333333333334,positivo
3,un acierto la,20,13.333333333333334,positivo
3,les ha encantado,53,13.25,positivo
3,son perfectas para,33,13.2,positivo
3,que lo recomiendo,33,13.2,positivo
3,excelente calidad y,33,13.2,positivo
3,la compra cumple,33,13.2,positivo
3,la mejor compra,33,13.2,positivo
3,muy cómodo y,191,13.172413793103448,positivo
3,y queda genial,46,13.142857142857142,positivo
3,para los amantes,46,13.142857142857142,positivo
3,y funciona a,59,13.11111111111111,positivo
3,muy bien calidad,98,13.066666666666666,positivo
3,bien buen producto,65,13.0,positivo
3,ponerle una pega,65,13.0,positivo
3,sólo hay que,26,13.0,positivo
3,ha encantado a,39,13.0,positivo
3,me va genial,39,13.0,positivo
3,llego en perfectas,26,13.0,positivo
3,años le encanta,39,13.0,positivo
3,de principio a,26,13.0,positivo
3,principio a fin,26,13.0,positivo
3,contenta con la,561,12.89655172413793,positivo
3,llegado en perfecto,58,12.88888888888889,positivo
3,ha dado ningún,58,12.88888888888889,positivo
3,y cumple perfectamente,45,12.857142857142858,positivo
3,ideal para un,32,12.8,positivo
3,encantado con la,51,12.75,positivo
3,y va de,57,12.666666666666666,positivo
3,mejor que he,95,12.666666666666666,positivo
3,dado ningún problema,57,12.666666666666666,positivo
3,buen precio lo,57,12.666666666666666,positivo
3,buen producto lo,76,12.666666666666666,positivo
3,el mundo de,44,12.571428571428571,positivo
3,perfecto para un,44,12.571428571428571,positivo
3,que esperaba buena,25,12.5,positivo
3,perfectamente no se,25,12.5,positivo
3,muy bien producto,25,12.5,positivo
3,en cualquier parte,25,12.5,positivo
3,ajusta perfectamente y,56,12.444444444444445,positivo
3,se adaptan perfectamente,56,12.444444444444445,positivo
3,calidad precio muy,491,12.430379746835444,positivo
3,a las mil,31,12.4,positivo
3,la foto buena,31,12.4,positivo
3,con el regalo,31,12.4,positivo
3,y sigue funcionando,31,12.4,positivo
3,y lo mejor,80,12.307692307692308,positivo
3,muy buena funda,43,12.285714285714286,positivo
3,cumple con todas,49,12.25,positivo
3,buen producto de,55,12.222222222222221,positivo
3,de momento todo,110,12.222222222222221,positivo
3,me encanta y,55,12.222222222222221,positivo
3,buena calidad buen,61,12.2,positivo
3,contento con la,576,12.126315789473685,positivo
3,muy cómoda y,127,12.095238095238095,positivo
3,las mil maravillas,30,12.0,positivo
3,contento con esta,42,12.0,positivo
3,buen producto que,24,12.0,positivo
3,le quito una,30,12.0,positivo
3,sencillo de usar,42,12.0,positivo
3,está encantado con,48,12.0,positivo
3,encantado con ella,30,12.0,positivo
3,gustado mucho y,78,12.0,positivo
3,por ahora va,30,12.0,positivo
3,muy interesante y,30,12.0,positivo
3,ha sorprendido lo,24,12.0,positivo
3,muy bien acabada,36,12.0,positivo
3,queda genial y,24,12.0,positivo
3,perfectamente y tiene,30,12.0,positivo
3,son una pasada,24,12.0,positivo
3,muy bien gracias,24,12.0,positivo
3,y lo bien,24,12.0,positivo
3,es perfecta para,137,11.91304347826087,positivo
3,la compra muy,95,11.875,positivo
3,poner un pero,71,11.833333333333334,positivo
3,no me arrepiento,59,11.8,positivo
3,lo esperado muy,47,11.75,positivo
3,estoy muy contenta,358,11.737704918032787,positivo
3,cómodo y práctico,41,11.714285714285714,positivo
3,ha encantado lo,35,11.666666666666666,positivo
3,resistente y de,35,11.666666666666666,positivo
3,cual la descripción,35,11.666666666666666,positivo
3,a muy buen,128,11.636363636363637,positivo
3,llego muy rápido,58,11.6,positivo
3,y muy resistente,29,11.6,positivo
3,y rapidez en,23,11.5,positivo
3,bien ideal para,23,11.5,positivo
3,cumple muy bien,92,11.5,positivo
3,muy bien recomendable,23,11.5,positivo
3,está genial para,23,11.5,positivo
3,muy rápido muy,23,11.5,positivo
3,que estaba buscando,132,11.478260869565217,positivo
3,ha encantado y,63,11.454545454545455,positivo
3,por poner alguna,40,11.428571428571429,positivo
3,función a la,80,11.428571428571429,positivo
3,era justo lo,40,11.428571428571429,positivo
3,buen producto es,40,11.428571428571429,positivo
3,quito una estrella,34,11.333333333333334,positivo
3,las cinco estrellas,51,11.333333333333334,positivo
3,todo perfecto el,51,11.333333333333334,positivo
3,mejor de lo,288,11.294117647058824,positivo
3,poner alguna pega,45,11.25,positivo
3,y calidad precio,45,11.25,positivo
3,buena calidad con,45,11.25,positivo
3,es perfecto lo,28,11.2,positivo
3,buen producto con,28,11.2,positivo
3,buena compra se,28,11.2,positivo
3,y le encanto,28,11.2,positivo
3,y como esperaba,95,11.176470588235293,positivo
3,estoy muy contento,301,11.148148148148149,positivo
3,en general estoy,39,11.142857142857142,positivo
3,es genial para,39,11.142857142857142,positivo
3,no ocupa nada,39,11.142857142857142,positivo
3,pongo las estrellas,50,11.11111111111111,positivo
3,fácil de utilizar,94,11.058823529411764,positivo
3,estoy muy satisfecho,105,11.052631578947368,positivo
3,gustado mucho es,88,11.0,positivo
3,tacto muy suave,33,11.0,positivo
3,buena compra lo,44,11.0,positivo
3,facil de manejar,22,11.0,positivo
3,que necesitaba para,44,11.0,positivo
3,adapta perfectamente a,110,11.0,positivo
3,todos los aspectos,33,11.0,positivo
3,decir que estoy,22,11.0,positivo
3,ha sorprendido la,44,11.0,positivo
3,perfecto muy bien,22,11.0,positivo
3,bien muy buen,22,11.0,positivo
3,genial para el,22,11.0,positivo
3,veo es el,22,11.0,positivo
3,gracias por todo,33,11.0,positivo
3,lo que andaba,22,11.0,positivo
3,con un tamaño,22,11.0,positivo
3,poco caro pero,44,11.0,positivo
3,genial y el,33,11.0,positivo
3,ha gustado muchísimo,22,11.0,positivo
3,el producto corresponde,22,11.0,positivo
3,una maravilla de,22,11.0,positivo
3,mi hija está,71,10.923076923076923,positivo
3,por poner una,71,10.923076923076923,positivo
3,muy bien muy,180,10.909090909090908,positivo
3,producto tal y,49,10.88888888888889,positivo
3,muy bien fácil,38,10.857142857142858,positivo
3,se describe y,38,10.857142857142858,positivo
3,cual se describe,38,10.857142857142858,positivo
3,me encanta la,103,10.842105263157896,positivo
3,y en perfecto,173,10.8125,positivo
3,a buen precio,335,10.806451612903226,positivo
3,y muy contento,27,10.8,positivo
3,y le gustó,54,10.8,positivo
3,cómoda de llevar,54,10.8,positivo
3,muy contento el,27,10.8,positivo
3,un precio razonable,54,10.8,positivo
3,todo perfecto la,27,10.8,positivo
3,sin duda alguna,54,10.8,positivo
3,y ha gustado,27,10.8,positivo
3,buen producto buena,27,10.8,positivo
3,momento funciona perfectamente,32,10.666666666666666,positivo
3,ha sido todo,32,10.666666666666666,positivo
3,mi hijo está,69,10.615384615384615,positivo
3,funciona de maravilla,106,10.6,positivo
3,fácil instalación y,37,10.571428571428571,positivo
3,muy buen precio,306,10.551724137931034,positivo
3,de momento va,100,10.526315789473685,positivo
3,como el primer,121,10.521739130434783,positivo
3,producto a buen,42,10.5,positivo
3,buena relación calidad,1008,10.5,positivo
3,buen libro para,21,10.5,positivo
3,muy comodo de,21,10.5,positivo
3,más rápido de,21,10.5,positivo
3,perfectamente y el,42,10.5,positivo
3,muy cómodo el,21,10.5,positivo
3,yo las uso,21,10.5,positivo
3,le encanta lo,21,10.5,positivo
3,con un diseño,42,10.5,positivo
3,bien por ahora,21,10.5,positivo
3,fácil manejo y,21,10.5,positivo
3,recomendable es muy,21,10.5,positivo
3,perfectamente a lo,21,10.5,positivo
3,y con buenos,21,10.5,positivo
3,sin duda un,21,10.5,positivo
3,hace muchos años,21,10.5,positivo
3,funciona a la,215,10.487804878048781,positivo
3,y estoy muy,115,10.454545454545455,positivo
3,un precio inmejorable,26,10.4,positivo
3,poco de paciencia,26,10.4,positivo
3,y es exactamente,26,10.4,positivo
3,su función buen,26,10.4,positivo
3,perfecto es lo,26,10.4,positivo
3,y bien de,26,10.4,positivo
3,muy bonito me,26,10.4,positivo
3,muy divertido para,26,10.4,positivo
3,su función buena,26,10.4,positivo
3,y estoy encantado,26,10.4,positivo
3,llegado muy bien,26,10.4,positivo
3,buena compra la,57,10.363636363636363,positivo
3,muy bien un,57,10.363636363636363,positivo
3,estado y en,31,10.333333333333334,positivo
3,buena calidad del,72,10.285714285714286,positivo
3,costó un poco,36,10.285714285714286,positivo
3,es mejor de,36,10.285714285714286,positivo
3,me ha sorprendido,298,10.275862068965518,positivo
3,muy util para,41,10.25,positivo
3,y muy útil,46,10.222222222222221,positivo
3,precio muy competitivo,46,10.222222222222221,positivo
3,y queda perfecto,46,10.222222222222221,positivo
3,buenos acabados y,46,10.222222222222221,positivo
3,y funciona perfectamente,199,10.205128205128204,positivo
3,fácil de llevar,51,10.2,positivo
3,facil de limpiar,51,10.2,positivo
3,único pero que,61,10.166666666666666,positivo
3,muy útil y,127,10.16,positivo
3,de utilizar y,66,10.153846153846153,positivo
3,precio muy bien,137,10.148148148148149,positivo
3,muy útil para,248,10.122448979591837,positivo
3,precio muy bueno,116,10.08695652173913,positivo
3,buen material y,136,10.074074074074074,positivo
3,tiempo previsto y,20,10.0,positivo
3,adapta perfectamente y,30,10.0,positivo
3,que buscaba para,45,10.0,positivo
3,un toque de,45,10.0,positivo
3,perfecto estado el,40,10.0,positivo
3,muy bien cumple,65,10.0,positivo
3,muy funcional y,20,10.0,positivo
3,alguna pega es,20,10.0,positivo
3,describe en el,35,10.0,positivo
3,utilizo para el,25,10.0,positivo
3,contento con él,25,10.0,positivo
3,pega que no,20,10.0,positivo
3,muy útil la,25,10.0,positivo
3,cómoda y práctica,20,10.0,positivo
3,barato que en,65,10.0,positivo
3,cómodos de llevar,25,10.0,positivo
3,precio lo mejor,20,10.0,positivo
3,por poner un,65,10.0,positivo
3,que muy bien,45,10.0,positivo
3,pero lo recomiendo,20,10.0,positivo
3,muy sencillo de,70,10.0,positivo
3,que andaba buscando,25,10.0,positivo
3,kit muy completo,20,10.0,positivo
3,puede lavar en,20,10.0,positivo
3,perfecta para un,20,10.0,positivo
3,una pasada de,30,10.0,positivo
3,mas que suficiente,40,10.0,positivo
3,queda perfecto y,25,10.0,positivo
3,te ayuda a,30,10.0,positivo
3,muy bien además,30,10.0,positivo
3,le a encantado,20,10.0,positivo
3,y buen material,40,10.0,positivo
3,que es perfecto,20,10.0,positivo
3,y muy bueno,20,10.0,positivo
3,calidad y muy,129,9.923076923076923,positivo
3,una muy buena,158,9.875,positivo
3,calidad precio lo,133,9.851851851851851,positivo
3,perfectas condiciones y,64,9.846153846153847,positivo
3,encaja perfectamente y,64,9.846153846153847,positivo
3,no tienes que,59,9.833333333333334,positivo
3,muy fácil de,688,9.82857142857143,positivo
3,buena relación precio,39,9.75,positivo
3,y de gran,39,9.75,positivo
3,perfectamente y la,34,9.714285714285714,positivo
3,muy bien explicado,34,9.714285714285714,positivo
3,le encanta y,34,9.714285714285714,positivo
3,y llego en,34,9.714285714285714,positivo
3,calidad precio buena,184,9.68421052631579,positivo
3,buen precio y,237,9.673469387755102,positivo
3,bien viene con,29,9.666666666666666,positivo
3,de años está,29,9.666666666666666,positivo
3,un tacto muy,58,9.666666666666666,positivo
3,producto es exactamente,29,9.666666666666666,positivo
3,y muy bien,280,9.655172413793103,positivo
3,la perfección su,24,9.6,positivo
3,doy las cinco,24,9.6,positivo
3,y cómoda de,24,9.6,positivo
3,en el maletero,24,9.6,positivo
3,muy divertido y,48,9.6,positivo
3,calidad precio funciona,24,9.6,positivo
3,fácil y rápida,24,9.6,positivo
3,muy cómodo lo,24,9.6,positivo
3,fáciles de instalar,24,9.6,positivo
3,buena calidad precio,340,9.577464788732394,positivo
3,una pega es,43,9.555555555555555,positivo
3,le pongo las,62,9.538461538461538,positivo
3,buena compra por,38,9.5,positivo
3,que buscaba y,38,9.5,positivo
3,muy agradable al,38,9.5,positivo
3,son ideales para,38,9.5,positivo
3,y con buena,52,9.454545454545455,positivo
3,todo correcto y,85,9.444444444444445,positivo
3,a la perfeccion,99,9.428571428571429,positivo
3,perfecta para el,66,9.428571428571429,positivo
3,ideal para el,66,9.428571428571429,positivo
3,y a muy,33,9.428571428571429,positivo
3,tamaño adecuado para,33,9.428571428571429,positivo
3,de bastante calidad,33,9.428571428571429,positivo
3,la perfección el,33,9.428571428571429,positivo
3,es muy ligera,47,9.4,positivo
3,muy bien protegido,47,9.4,positivo
3,buen producto a,89,9.368421052631579,positivo
3,con la compra,1629,9.335243553008596,positivo
3,y cómodo de,56,9.333333333333334,positivo
3,que te permite,42,9.333333333333334,positivo
3,de llevar y,56,9.333333333333334,positivo
3,bien es tal,28,9.333333333333334,positivo
3,yo lo recomiendo,28,9.333333333333334,positivo
3,calidad fácil de,28,9.333333333333334,positivo
3,bastante resistente y,28,9.333333333333334,positivo
3,sencillo de utilizar,28,9.333333333333334,positivo
3,mi hija esta,28,9.333333333333334,positivo
3,fácil de leer,79,9.294117647058824,positivo
3,muy satisfecha con,116,9.28,positivo
3,se adapta perfectamente,324,9.257142857142858,positivo
3,buen producto en,37,9.25,positivo
3,tacto muy agradable,37,9.25,positivo
3,muy bien buen,60,9.23076923076923,positivo
3,fácil de transportar,60,9.23076923076923,positivo
3,genial calidad precio,23,9.2,positivo
3,genial el producto,23,9.2,positivo
3,muy contenta y,23,9.2,positivo
3,todo muy correcto,23,9.2,positivo
3,su funcion perfectamente,23,9.2,positivo
3,todo bien muy,23,9.2,positivo
3,dan un toque,23,9.2,positivo
3,un tamaño ideal,23,9.2,positivo
3,muy bien llegó,23,9.2,positivo
3,su cumpleaños y,23,9.2,positivo
3,perfectamente y es,64,9.142857142857142,positivo
3,perfectamente con lo,41,9.11111111111111,positivo
3,tal como esperaba,50,9.090909090909092,positivo
3,hija le ha,86,9.052631578947368,positivo
3,calidad precio y,135,9.0,positivo
3,va de lujo,63,9.0,positivo
3,todo perfecto lo,36,9.0,positivo
3,de las mejores,135,9.0,positivo
3,los más pequeños,45,9.0,positivo
3,tengo ninguna queja,36,9.0,positivo
3,es perfecto y,72,9.0,positivo
3,bastante buena y,27,9.0,positivo
3,estoy muy satisfecha,63,9.0,positivo
3,muy práctico para,90,9.0,positivo
3,buena calidad me,81,9.0,positivo
3,a un buen,72,9.0,positivo
3,mi sobrino y,27,9.0,positivo
3,y funcionan perfectamente,36,9.0,positivo
3,mi sobrina le,27,9.0,positivo
3,y es super,27,9.0,positivo
3,se lo pasa,27,9.0,positivo
3,y de precio,27,9.0,positivo
3,genial a mi,27,9.0,positivo
3,buena relacion calidad,130,8.96551724137931,positivo
3,muy bien embalado,116,8.923076923076923,positivo
3,calidad precio recomendable,40,8.88888888888889,positivo
3,envío muy rápido,120,8.88888888888889,positivo
3,calidad muy buena,120,8.88888888888889,positivo
3,le encanta el,31,8.857142857142858,positivo
3,todo perfecto es,31,8.857142857142858,positivo
3,perfecto y la,31,8.857142857142858,positivo
3,y calidad muy,22,8.8,positivo
3,la compra realizada,22,8.8,positivo
3,precio me gusta,22,8.8,positivo
3,bien buena relación,44,8.8,positivo
3,calidad precio estupenda,22,8.8,positivo
3,calidad precio a,22,8.8,positivo
3,cumple perfectamente la,22,8.8,positivo
3,bien estoy muy,22,8.8,positivo
3,las expectativas muy,22,8.8,positivo
3,mejor precio que,22,8.8,positivo
3,muy bueno calidad,22,8.8,positivo
3,todo el año,22,8.8,positivo
3,me ha salvado,22,8.8,positivo
3,me va muy,57,8.76923076923077,positivo
3,bueno bonito y,35,8.75,positivo
3,ideal para niños,35,8.75,positivo
3,una relación calidad,35,8.75,positivo
3,es una muy,48,8.727272727272727,positivo
3,y va muy,96,8.727272727272727,positivo
3,muy cómoda para,48,8.727272727272727,positivo
3,entrega rápida y,48,8.727272727272727,positivo
3,el tamaño perfecto,74,8.705882352941176,positivo
3,de instalar y,213,8.693877551020408,positivo
3,le pondría es,26,8.666666666666666,positivo
3,funciona perfectamente en,26,8.666666666666666,positivo
3,producto tal cual,26,8.666666666666666,positivo
3,bien lo uso,26,8.666666666666666,positivo
3,antes del plazo,26,8.666666666666666,positivo
3,sin problemas muy,26,8.666666666666666,positivo
3,bien me encanta,26,8.666666666666666,positivo
3,y además tiene,26,8.666666666666666,positivo
3,a un precio,411,8.652631578947368,positivo
3,producto calidad precio,82,8.631578947368421,positivo
3,da un toque,69,8.625,positivo
3,y me encanta,69,8.625,positivo
3,pero muy bien,43,8.6,positivo
3,producto de buena,86,8.6,positivo
3,cómodo y fácil,43,8.6,positivo
3,todo lo necesario,150,8.571428571428571,positivo
3,bastante buena calidad,30,8.571428571428571,positivo
3,rápido y sin,60,8.571428571428571,positivo
3,es un pelín,30,8.571428571428571,positivo
3,fácil de conectar,30,8.571428571428571,positivo
3,contentos con el,30,8.571428571428571,positivo
3,con mi compra,64,8.533333333333333,positivo
3,muy entretenido y,34,8.5,positivo
3,lo previsto y,68,8.5,positivo
3,fácil de configurar,51,8.5,positivo
3,mi niña le,34,8.5,positivo
3,buena calidad por,51,8.5,positivo
3,una pega el,34,8.5,positivo
3,perfecto es muy,34,8.5,positivo
3,no ocupa mucho,55,8.461538461538462,positivo
3,sin ninguna duda,55,8.461538461538462,positivo
3,es muy rápido,42,8.4,positivo
3,la niña está,21,8.4,positivo
3,calidad y diseño,21,8.4,positivo
3,precio bastante buena,21,8.4,positivo
3,muy bien ha,21,8.4,positivo
3,producto igual que,21,8.4,positivo
3,rápido y con,21,8.4,positivo
3,y le gusto,21,8.4,positivo
3,y buen sonido,21,8.4,positivo
3,precio lo he,21,8.4,positivo
3,gracias a su,42,8.4,positivo
3,tenia en casa,21,8.4,positivo
3,con muy buena,46,8.363636363636363,positivo
3,ideal para una,25,8.333333333333334,positivo
3,y dura bastante,25,8.333333333333334,positivo
3,esperaba buena calidad,25,8.333333333333334,positivo
3,se entretiene mucho,25,8.333333333333334,positivo
3,momento todo perfecto,25,8.333333333333334,positivo
3,queda genial en,25,8.333333333333334,positivo
3,muy buen libro,25,8.333333333333334,positivo
3,con buenos acabados,25,8.333333333333334,positivo
3,precio y calidad,108,8.307692307692308,positivo
3,más que suficiente,108,8.307692307692308,positivo
3,adaptan muy bien,54,8.307692307692308,positivo
3,y todo correcto,58,8.285714285714286,positivo
3,muy buena opción,58,8.285714285714286,positivo
3,las expectativas es,29,8.285714285714286,positivo
3,son muy comodos,29,8.285714285714286,positivo
3,y van muy,29,8.285714285714286,positivo
3,y como sale,29,8.285714285714286,positivo
3,precio están muy,29,8.285714285714286,positivo
3,cien por cien,29,8.285714285714286,positivo
3,va perfecto y,29,8.285714285714286,positivo
3,de goma para,29,8.285714285714286,positivo
3,montar y muy,33,8.25,positivo
3,y a un,144,8.228571428571428,positivo
3,funciona perfectamente es,37,8.222222222222221,positivo
3,y sin duda,37,8.222222222222221,positivo
3,funciona perfectamente y,148,8.222222222222221,positivo
3,además tiene un,37,8.222222222222221,positivo
3,mejor que las,37,8.222222222222221,positivo
3,encaja perfectamente con,37,8.222222222222221,positivo
3,no pesa y,37,8.222222222222221,positivo
3,batería dura mucho,37,8.222222222222221,positivo
3,muy facil de,156,8.210526315789474,positivo
3,también se puede,41,8.2,positivo
3,buena calidad y,1057,8.193798449612403,positivo
3,es ideal para,176,8.186046511627907,positivo
3,pero está muy,45,8.181818181818182,positivo
3,toda la familia,45,8.181818181818182,positivo
3,muy bien su,102,8.16,positivo
3,precio me ha,57,8.142857142857142,positivo
3,de momento estoy,77,8.105263157894736,positivo
3,buen acabado y,93,8.08695652173913,positivo
3,el único pero,206,8.07843137254902,positivo
3,buena calidad es,137,8.058823529411764,positivo
3,y de buena,290,8.055555555555555,positivo
3,nada de agua,20,8.0,positivo
3,satisfecha con la,152,8.0,positivo
3,muy útiles y,24,8.0,positivo
3,aguantan muy bien,20,8.0,positivo
3,muy práctica y,48,8.0,positivo
3,suave y se,20,8.0,positivo
3,muy buen acabado,56,8.0,positivo
3,producto en perfecto,20,8.0,positivo
3,y es súper,20,8.0,positivo
3,unico malo es,24,8.0,positivo
3,calidad precio para,40,8.0,positivo
3,no pongo estrellas,28,8.0,positivo
3,y estoy contento,28,8.0,positivo
3,lo mejor para,28,8.0,positivo
3,un juego muy,32,8.0,positivo
3,se acopla perfectamente,40,8.0,positivo
3,perfecto para guardar,20,8.0,positivo
3,lo recomiendo mucho,36,8.0,positivo
3,mis expectativas y,28,8.0,positivo
3,gran capacidad y,20,8.0,positivo
3,lo que buscábamos,28,8.0,positivo
3,un guante y,20,8.0,positivo
3,se limpia fácilmente,20,8.0,positivo
3,sido para un,20,8.0,positivo
3,para el gimnasio,28,8.0,positivo
3,la compra lo,88,8.0,positivo
3,su cometido es,20,8.0,positivo
3,compra y la,28,8.0,positivo
3,muy buenas y,40,8.0,positivo
3,encantado a mi,24,8.0,positivo
3,años le ha,56,8.0,positivo
3,bien lo tengo,20,8.0,positivo
3,muy fáciles de,52,8.0,positivo
3,muy ligera y,40,8.0,positivo
3,todo correcto lo,20,8.0,positivo
3,muy contento la,28,8.0,positivo
3,llevar a cualquier,36,8.0,positivo
3,y aguanta muy,20,8.0,positivo
3,rápido como siempre,24,8.0,positivo
3,bastante contento con,20,8.0,positivo
3,calidad a mi,24,8.0,positivo
3,le encantó y,20,8.0,positivo
3,me encantó el,20,8.0,positivo
3,funciona perfectamente para,24,8.0,positivo
3,bien en cualquier,20,8.0,positivo
3,perfecto estado la,28,8.0,positivo
3,y muy práctico,48,8.0,positivo
3,una grata sorpresa,20,8.0,positivo
3,calidad y precio,195,7.959183673469388,positivo
3,calidad precio me,115,7.931034482758621,positivo
3,ocupa poco espacio,103,7.923076923076923,positivo
3,muy bien todo,99,7.92,positivo
3,muy cómodo de,79,7.9,positivo
3,un buen precio,134,7.882352941176471,positivo
3,perfectamente en la,51,7.846153846153846,positivo
3,perfectamente y no,47,7.833333333333333,positivo
3,exactamente lo que,184,7.829787234042553,positivo
3,limpia muy bien,43,7.818181818181818,positivo
3,gran variedad de,43,7.818181818181818,positivo
3,es bastante resistente,39,7.8,positivo
3,gran calidad de,39,7.8,positivo
3,perfectamente a la,148,7.7894736842105265,positivo
3,su función perfectamente,221,7.754385964912281,positivo
3,bien muy bien,31,7.75,positivo
3,suave y no,31,7.75,positivo
3,único pero es,120,7.741935483870968,positivo
3,en general muy,85,7.7272727272727275,positivo
3,con todo lo,112,7.724137931034483,positivo
3,se adaptan muy,54,7.714285714285714,positivo
3,muy buenos acabados,27,7.714285714285714,positivo
3,llego muy rapido,27,7.714285714285714,positivo
3,muy bueno para,123,7.6875,positivo
3,las expectativas la,23,7.666666666666667,positivo
3,y un precio,23,7.666666666666667,positivo
3,pero vale la,23,7.666666666666667,positivo
3,rápido de lo,23,7.666666666666667,positivo
3,le han encantado,42,7.636363636363637,positivo
3,llegaron antes de,38,7.6,positivo
3,y muy bonita,38,7.6,positivo
3,un muy buen,91,7.583333333333333,positivo
3,muy practico para,34,7.555555555555555,positivo
3,y un buen,34,7.555555555555555,positivo
3,muy original y,34,7.555555555555555,positivo
3,muy buen material,49,7.538461538461538,positivo
3,perfecto el producto,49,7.538461538461538,positivo
3,es muy completo,64,7.529411764705882,positivo
3,lo utilizo para,143,7.526315789473684,positivo
3,a la perfección,814,7.502304147465438,positivo
3,y a funcionar,30,7.5,positivo
3,y muy cómoda,45,7.5,positivo
3,dura bastante y,30,7.5,positivo
3,regalo y ha,30,7.5,positivo
3,para todo el,30,7.5,positivo
3,me encanta el,146,7.487179487179487,positivo
3,llegó rápido y,86,7.478260869565218,positivo
3,muy bien tiene,71,7.473684210526316,positivo
3,y es tal,56,7.466666666666667,positivo
3,buen producto para,97,7.461538461538462,positivo
3,se limpia muy,41,7.454545454545454,positivo
3,y el envio,41,7.454545454545454,positivo
3,los utilizo para,26,7.428571428571429,positivo
3,producto se ajusta,52,7.428571428571429,positivo
3,todo correcto la,26,7.428571428571429,positivo
3,calidad me gusta,26,7.428571428571429,positivo
3,y a mis,26,7.428571428571429,positivo
3,para los peques,63,7.411764705882353,positivo
3,ocupa muy poco,63,7.411764705882353,positivo
3,perfectamente con la,37,7.4,positivo
3,la perfección con,48,7.384615384615385,positivo
3,gran calidad y,48,7.384615384615385,positivo
3,es fuerte y,48,7.384615384615385,positivo
3,en el mundo,59,7.375,positivo
3,y ha quedado,59,7.375,positivo
3,muy ligero y,59,7.375,positivo
3,único inconveniente que,44,7.333333333333333,positivo
3,perfecto por el,22,7.333333333333333,positivo
3,mi mujer le,22,7.333333333333333,positivo
3,muy bien me,165,7.333333333333333,positivo
3,es muy intuitivo,22,7.333333333333333,positivo
3,para mi hermana,22,7.333333333333333,positivo
3,lo recomiendo cumple,22,7.333333333333333,positivo
3,muy buena muy,33,7.333333333333333,positivo
3,se ajustan muy,22,7.333333333333333,positivo
3,calidad precio son,44,7.333333333333333,positivo
3,cubre muy bien,22,7.333333333333333,positivo
3,y gracias a,33,7.333333333333333,positivo
3,muy buen tacto,22,7.333333333333333,positivo
3,muy bien hecha,33,7.333333333333333,positivo
3,muy bonita tal,22,7.333333333333333,positivo
3,al principio cuesta,22,7.333333333333333,positivo
3,compra es una,22,7.333333333333333,positivo
3,rápida la entrega,22,7.333333333333333,positivo
3,se ajusta perfectamente,212,7.310344827586207,positivo
3,lo que necesitaba,285,7.3076923076923075,positivo
3,fácil de limpiar,186,7.294117647058823,positivo
3,y fácil de,547,7.293333333333333,positivo
3,tal cual como,51,7.285714285714286,positivo
3,que suficiente para,40,7.2727272727272725,positivo
3,es muy manejable,40,7.2727272727272725,positivo
3,un precio muy,178,7.26530612244898,positivo
3,y muy rápido,69,7.2631578947368425,positivo
3,fácil de usar,555,7.254901960784314,positivo
3,se describe en,58,7.25,positivo
3,lo que puedes,29,7.25,positivo
3,precio cumple con,29,7.25,positivo
3,más me gusta,76,7.238095238095238,positivo
3,he utilizado para,94,7.230769230769231,positivo
3,de maravilla y,47,7.230769230769231,positivo
3,de calidad a,36,7.2,positivo
3,es muy divertido,54,7.2,positivo
3,momento todo bien,36,7.2,positivo
3,muy cómodos y,79,7.181818181818182,positivo
3,y le va,43,7.166666666666667,positivo
3,tiene esta muy,25,7.142857142857143,positivo
3,muy completo con,25,7.142857142857143,positivo
3,de usar se,25,7.142857142857143,positivo
3,de calidad con,25,7.142857142857143,positivo
3,el tiempo previsto,64,7.111111111111111,positivo
3,fecha indicada y,32,7.111111111111111,positivo
3,de gran utilidad,32,7.111111111111111,positivo
3,y le ha,128,7.111111111111111,positivo
3,que me encanta,39,7.090909090909091,positivo
3,solo hay que,46,7.076923076923077,positivo
3,antes de lo,568,7.055900621118012,positivo
3,buena calidad lo,134,7.052631578947368,positivo
3,y como lo,95,7.037037037037037,positivo
3,como un guante,102,7.0344827586206895,positivo
3,muy suave y,151,7.023255813953488,positivo
3,la buena calidad,21,7.0,positivo
3,calidad precio la,119,7.0,positivo
3,no me molesta,21,7.0,positivo
3,fácil montaje y,35,7.0,positivo
3,más bonito que,21,7.0,positivo
3,y se adaptan,35,7.0,positivo
3,de leer y,35,7.0,positivo
3,llegó antes del,21,7.0,positivo
3,rapidez en el,56,7.0,positivo
3,quizas un poco,21,7.0,positivo
3,de muy buen,21,7.0,positivo
3,y se ajustan,35,7.0,positivo
3,no ocupa espacio,21,7.0,positivo
3,el envío perfecto,42,7.0,positivo
3,y lo puedes,21,7.0,positivo
3,todo en general,28,7.0,positivo
3,me encanta como,35,7.0,positivo
3,las mejores que,28,7.0,positivo
3,llevarlo de viaje,21,7.0,positivo
3,bien sin problemas,21,7.0,positivo
3,todo el que,21,7.0,positivo
3,y es justo,21,7.0,positivo
3,niña le encanta,21,7.0,positivo
3,lo recomiendo de,28,7.0,positivo
3,buena funda para,21,7.0,positivo
3,en muy buenas,28,7.0,positivo
3,perfectamente embalado y,28,7.0,positivo
4,pongo una estrella por,25,inf,negativo
4,es una estafa no,32,inf,negativo
4,que llegar el de,21,inf,negativo
4,es un timo no,34,inf,negativo
4,a la basura es,17,inf,negativo
4,vale para nada el,24,inf,negativo
4,ha pasado el periodo,15,inf,negativo
4,pasado el periodo de,18,inf,negativo
4,para nada lo que,39,inf,negativo
4,y ya no funcionan,16,inf,negativo
4,vale la pena no,26,inf,negativo
4,producto no sirve para,20,inf,negativo
4,muy mala calidad no,136,inf,negativo
4,ver si me lo,15,inf,negativo
4,me den una solución,19,inf,negativo
4,no hace nada no,20,inf,negativo
4,he tirado a la,26,inf,negativo
4,no recomiendo a nadie,20,inf,negativo
4,pedido no ha llegado,26,inf,negativo
4,peor que he comprado,27,inf,negativo
4,muy descontento con la,28,inf,negativo
4,producto no puedo opinar,17,inf,negativo
4,no recomiendo para nada,64,inf,negativo
4,recomiendo para nada este,15,inf,negativo
4,me ha llegado ni,23,inf,negativo
4,el pedido no ha,24,inf,negativo
4,nunca me ha llegado,28,inf,negativo
4,no lo recomiendo una,15,inf,negativo
4,llegado el pedido y,17,inf,negativo
4,nunca me llego el,27,inf,negativo
4,volveré a comprar nada,27,inf,negativo
4,descontenta con el producto,26,inf,negativo
4,los recomiendo para nada,23,inf,negativo
4,recomiendo para nada no,51,inf,negativo
4,para nada no es,22,inf,negativo
4,una perdida de tiempo,31,inf,negativo
4,no recomiendo este vendedor,22,inf,negativo
4,roto en menos de,23,inf,negativo
4,más y comprar algo,21,inf,negativo
4,funcionar no lo recomiendo,16,inf,negativo
4,al vendedor y ni,15,inf,negativo
4,tirar el dinero no,47,inf,negativo
4,el dinero no lo,25,inf,negativo
4,dinero no lo recomiendo,19,inf,negativo
4,tenía buena pinta pero,16,inf,negativo
4,a llegado el producto,30,inf,negativo
4,me ha pasado el,34,inf,negativo
4,no ha llegado nada,20,inf,negativo
4,no estoy nada contento,22,inf,negativo
4,de funcionar al poco,16,inf,negativo
4,la peor compra que,48,inf,negativo
4,peor compra que he,37,inf,negativo
4,de uso ha dejado,17,inf,negativo
4,uso ha dejado de,21,inf,negativo
4,devolución del dinero no,17,inf,negativo
4,devuelto el dinero ni,15,inf,negativo
4,lo he recibido aún,28,inf,negativo
4,para nada dinero tirado,22,inf,negativo
4,para devolver el producto,24,inf,negativo
4,mal no lo recomiendo,23,inf,negativo
4,esperando a que llegue,21,inf,negativo
4,no lo recomiendo he,17,inf,negativo
4,con los gastos de,16,inf,negativo
4,muy mala compra no,18,inf,negativo
4,tirados a la basura,48,inf,negativo
4,no me a llegado,133,inf,negativo
4,me a llegado y,16,inf,negativo
4,producto no ha llegado,67,inf,negativo
4,todavia no ha llegado,19,inf,negativo
4,lo he recibido me,23,inf,negativo
4,doy una estrella por,32,inf,negativo
4,mala calidad no me,25,inf,negativo
4,al primer uso se,19,inf,negativo
4,no me devuelven el,23,inf,negativo
4,no lo e recibido,40,inf,negativo
4,euros tirados a la,20,inf,negativo
4,la basura no lo,23,inf,negativo
4,tirar el dinero a,16,inf,negativo
4,pedido no me ha,23,inf,negativo
4,no lo recomiendo y,26,inf,negativo
4,a comprar nada de,18,inf,negativo
4,nada a este vendedor,16,inf,negativo
4,no funciona lo he,25,inf,negativo
4,dejó de funcionar no,22,inf,negativo
4,que tengo que pagar,15,inf,negativo
4,recibido el producto no,16,inf,negativo
4,la semana de uso,27,inf,negativo
4,me devuelven el dinero,59,inf,negativo
4,euros a la basura,27,inf,negativo
4,lo e recibido y,15,inf,negativo
4,el dinero no se,17,inf,negativo
4,fecha de entrega era,21,inf,negativo
4,estrella porque no me,26,inf,negativo
4,no recomiendo en absoluto,15,inf,negativo
4,cual fue mi sorpresa,17,inf,negativo
4,ni me han devuelto,23,inf,negativo
4,estrella porque no puedo,23,inf,negativo
4,no recomiendo este producto,65,inf,negativo
4,una estafa en toda,17,inf,negativo
4,estafa en toda regla,18,inf,negativo
4,llevo un mes esperando,19,inf,negativo
4,un mes esperando y,18,inf,negativo
4,vendedor no se hace,17,inf,negativo
4,no la recomiendo se,15,inf,negativo
4,ha sido tirar el,26,inf,negativo
4,sido tirar el dinero,28,inf,negativo
4,no lo compréis no,22,inf,negativo
4,de casi dos meses,17,inf,negativo
4,las recomiendo para nada,22,inf,negativo
4,ha durado ni meses,28,inf,negativo
4,se supone que me,15,inf,negativo
4,el vendedor no responde,37,inf,negativo
4,muy mala calidad me,19,inf,negativo
4,recomiendo para nada es,24,inf,negativo
4,muy mal no lo,16,inf,negativo
4,es una tomadura de,21,inf,negativo
4,un timo en toda,15,inf,negativo
4,timo en toda regla,16,inf,negativo
4,me ha llegado defectuoso,16,inf,negativo
4,recibido el pedido y,16,inf,negativo
4,y no me contesta,16,inf,negativo
4,sirve para nada la,19,inf,negativo
4,no lo compréis es,23,inf,negativo
4,doy una estrella porque,54,inf,negativo
4,uso no lo recomiendo,15,inf,negativo
4,a la basura lo,19,inf,negativo
4,ha llegado y no,35,inf,negativo
4,no ha pasado ni,17,inf,negativo
4,ha pasado ni un,15,inf,negativo
4,un mes no lo,18,inf,negativo
4,que me devolvieran el,18,inf,negativo
4,me devolvieran el dinero,18,inf,negativo
4,a ver si tengo,16,inf,negativo
4,no lo recomiendo nada,36,inf,negativo
4,que me devuelvan mi,15,inf,negativo
4,me devuelvan mi dinero,17,inf,negativo
4,compra no lo recomiendo,26,inf,negativo
4,sobre el producto no,15,inf,negativo
4,muy mala calidad al,18,inf,negativo
4,el dinero después de,19,inf,negativo
4,mala calidad del producto,27,inf,negativo
4,el de abril y,24,inf,negativo
4,recomiendo para nada su,16,inf,negativo
4,para nada su compra,17,inf,negativo
4,a este vendedor no,21,inf,negativo
4,ya no funciona la,19,inf,negativo
4,para nada ya que,20,inf,negativo
4,en dos ocasiones y,20,inf,negativo
4,no la recomiendo a,20,inf,negativo
4,le falta una pieza,18,inf,negativo
4,aún estoy esperando que,15,inf,negativo
4,mala calidad no es,20,inf,negativo
4,de esperar un mes,16,inf,negativo
4,a pasar lo mismo,15,inf,negativo
4,no ha llegado todavía,21,inf,negativo
4,ha dejado de cargar,27,inf,negativo
4,sigo a la espera,22,inf,negativo
4,la calidad es malísima,15,inf,negativo
4,no funciona en absoluto,16,inf,negativo
4,ha pasado el plazo,27,inf,negativo
4,no los recomiendo no,23,inf,negativo
4,me ha llegado aun,27,inf,negativo
4,de funcionar a las,21,inf,negativo
4,el producto nunca me,15,inf,negativo
4,no voy a comprar,16,inf,negativo
4,durado ni un año,28,inf,negativo
4,quiero que me devuelvan,21,inf,negativo
4,se ponga en contacto,20,inf,negativo
4,malo no lo siguiente,15,inf,negativo
4,que me den una,22,inf,negativo
4,vendedor no responde a,23,inf,negativo
4,tirar el dinero el,17,inf,negativo
4,de funcionar no se,20,inf,negativo
4,y todavia no me,17,inf,negativo
4,vendedor no contesta a,17,inf,negativo
4,no he recibido este,21,inf,negativo
4,no funciona y el,17,inf,negativo
4,he devuelto no me,25,inf,negativo
4,muy mal producto no,17,inf,negativo
4,una perdida de dinero,21,inf,negativo
4,vendedor y me dice,15,inf,negativo
4,no ha llegado aún,15,inf,negativo
4,devuelto no me ha,18,inf,negativo
4,producto de muy mala,24,inf,negativo
4,el producto no corresponde,15,inf,negativo
4,producto no corresponde con,18,inf,negativo
4,pérdida de tiempo y,18,inf,negativo
4,me llegó la caja,15,inf,negativo
4,mala calidad me ha,15,inf,negativo
4,el producto no sirve,19,inf,negativo
4,tirado el dinero no,17,inf,negativo
4,hemos tenido que devolver,18,inf,negativo
4,funciona no lo recomiendo,17,inf,negativo
4,no estoy satisfecha con,15,inf,negativo
4,se ha partido el,15,inf,negativo
4,caro no lo recomiendo,15,inf,negativo
4,y no es por,19,inf,negativo
4,no las volveré a,16,inf,negativo
4,a la devolución del,17,inf,negativo
4,y ya está roto,15,inf,negativo
4,z z z z,16,inf,negativo
4,al poco tiempo la,15,inf,negativo
4,le pongo dos estrellas,51,inf,negativo
4,pongo dos estrellas porque,26,inf,negativo
4,pongo dos estrellas por,18,inf,negativo
4,doy dos estrellas por,18,inf,negativo
4,dos estrellas porque el,22,inf,negativo
4,dinero tirado a la,116,232.0,negativo
4,y el vendedor no,104,208.0,negativo
4,a la basura no,101,202.0,negativo
4,lo recomiendo para nada,271,180.66666666666666,negativo
4,pongo una estrella porque,73,146.0,negativo
4,no vuelvo a comprar,71,142.0,negativo
4,aún no ha llegado,69,138.0,negativo
4,de un mes esperando,63,126.0,negativo
4,no la recomiendo no,56,112.0,negativo
4,ha gustado nada no,55,110.0,negativo
4,doy dos estrellas porque,54,108.0,negativo
4,el vendedor no se,53,106.0,negativo
4,lo recomiendo a nadie,105,105.0,negativo
4,nada no lo recomiendo,52,104.0,negativo
4,me sirve para nada,52,104.0,negativo
4,tirado a la basura,151,100.66666666666667,negativo
4,que me devuelvan el,99,99.0,negativo
4,me a llegado el,49,98.0,negativo
4,le doy dos estrellas,91,91.0,negativo
4,una estrella porque no,89,89.0,negativo
4,llegado el producto y,43,86.0,negativo
4,el periodo de devolución,42,84.0,negativo
4,durado ni un mes,41,82.0,negativo
4,no ha llegado en,41,82.0,negativo
4,la calidad es pésima,41,82.0,negativo
4,me ha llegado todavía,38,76.0,negativo
4,nada no me ha,38,76.0,negativo
4,no lo he recibido,522,74.57142857142857,negativo
4,lo recomiendo no me,37,74.0,negativo
4,un mes de espera,37,74.0,negativo
4,el producto nunca llegó,37,74.0,negativo
4,me devuelvan el dinero,108,72.0,negativo
4,producto no lo recomiendo,36,72.0,negativo
4,me lo han cobrado,35,70.0,negativo
4,no se puede devolver,35,70.0,negativo
4,ha durado ni un,69,69.0,negativo
4,el vendedor no contesta,34,68.0,negativo
4,para nada no lo,34,68.0,negativo
4,el pedido y no,34,68.0,negativo
4,muy mala calidad la,33,66.0,negativo
4,aun no me ha,66,66.0,negativo
4,ha durado un mes,32,64.0,negativo
4,dejo de funcionar no,32,64.0,negativo
4,muy mala calidad de,32,64.0,negativo
4,me ha llegado no,63,63.0,negativo
4,lo recomiendo en absoluto,125,62.5,negativo
4,me ha llegado aún,31,62.0,negativo
4,le doy una estrella,92,61.333333333333336,negativo
4,lo compré el de,30,60.0,negativo
4,no la recomiendo la,30,60.0,negativo
4,la recomiendo para nada,60,60.0,negativo
4,recomiendo para nada la,30,60.0,negativo
4,lo he recibido no,59,59.0,negativo
4,no he recibido mi,29,58.0,negativo
4,no volvere a comprar,29,58.0,negativo
4,meses dejó de funcionar,29,58.0,negativo
4,es tirar el dinero,143,57.2,negativo
4,me ha llegado y,143,57.2,negativo
4,he tirado el dinero,57,57.0,negativo
4,no lo recomiendo ni,28,56.0,negativo
4,muy mala calidad se,54,54.0,negativo
4,ha llegado después de,27,54.0,negativo
4,todavia no me ha,27,54.0,negativo
4,no han durado ni,27,54.0,negativo
4,y estamos a de,27,54.0,negativo
4,se me ha pasado,27,54.0,negativo
4,sirve para nada no,80,53.333333333333336,negativo
4,dinero a la basura,53,53.0,negativo
4,el producto no puedo,26,52.0,negativo
4,recomiendo para nada el,26,52.0,negativo
4,se ha roto no,26,52.0,negativo
4,y nada de nada,26,52.0,negativo
4,con el vendedor no,26,52.0,negativo
4,me ha llegado nada,51,51.0,negativo
4,de tiempo y dinero,25,50.0,negativo
4,haber llegado el de,25,50.0,negativo
4,una pérdida de dinero,25,50.0,negativo
4,nunca me había pasado,50,50.0,negativo
4,y aún no ha,25,50.0,negativo
4,recibido el producto y,25,50.0,negativo
4,volvería a comprar ni,25,50.0,negativo
4,menos mal que amazon,25,50.0,negativo
4,no lo recomiendo no,246,49.2,negativo
4,no he recibido el,316,48.61538461538461,negativo
4,y a la basura,24,48.0,negativo
4,dejo de funcionar al,24,48.0,negativo
4,decepcionado con la compra,24,48.0,negativo
4,no la recomiendo en,48,48.0,negativo
4,no lo recomiendo me,48,48.0,negativo
4,ya ha dejado de,24,48.0,negativo
4,no ha llegado el,95,47.5,negativo
4,todavía no he recibido,47,47.0,negativo
4,le pongo una estrella,70,46.666666666666664,negativo
4,es de pésima calidad,23,46.0,negativo
4,estrella porque no se,23,46.0,negativo
4,muy baja calidad no,23,46.0,negativo
4,después de mes y,23,46.0,negativo
4,me a gustado nada,46,46.0,negativo
4,no me llegó nunca,23,46.0,negativo
4,no lo recomiendo se,46,46.0,negativo
4,no la recomiendo es,23,46.0,negativo
4,descontento con la compra,23,46.0,negativo
4,y todavía no ha,23,46.0,negativo
4,no he recibido nada,88,44.0,negativo
4,sirve para nada es,22,44.0,negativo
4,devolvieron el dinero pero,22,44.0,negativo
4,y aún no me,66,44.0,negativo
4,producto no cumple con,22,44.0,negativo
4,mala calidad de sonido,22,44.0,negativo
4,que lo pedí y,22,44.0,negativo
4,no funciona para nada,22,44.0,negativo
4,tenia que haber llegado,22,44.0,negativo
4,porque no ha llegado,22,44.0,negativo
4,no lo recomiendo al,22,44.0,negativo
4,no recomiendo su compra,216,43.2,negativo
4,no lo recomiendo en,151,43.142857142857146,negativo
4,y no cubre la,21,42.0,negativo
4,el vendedor y no,63,42.0,negativo
4,meses y ya no,21,42.0,negativo
4,llegó el producto y,21,42.0,negativo
4,tendría que haber llegado,21,42.0,negativo
4,no se hace cargo,21,42.0,negativo
4,no recomiendo la compra,105,42.0,negativo
4,la devolución no me,21,42.0,negativo
4,desde el día de,21,42.0,negativo
4,decepcionado con el producto,41,41.0,negativo
4,de uso y se,20,40.0,negativo
4,todavía no ha llegado,60,40.0,negativo
4,es para nada lo,20,40.0,negativo
4,muy mala calidad en,20,40.0,negativo
4,lo recomiendo no se,20,40.0,negativo
4,no me ha sido,20,40.0,negativo
4,fatal no lo recomiendo,20,40.0,negativo
4,el dinero y no,20,40.0,negativo
4,me pongo en contacto,40,40.0,negativo
4,vendedor y no me,40,40.0,negativo
4,he recibido el reembolso,20,40.0,negativo
4,no he recibido ninguna,20,40.0,negativo
4,el mando no funciona,20,40.0,negativo
4,no recomiendo el producto,20,40.0,negativo
4,no lo recomiendo las,20,40.0,negativo
4,producto de mala calidad,39,39.0,negativo
4,no me han entregado,19,38.0,negativo
4,sirve para nada lo,19,38.0,negativo
4,la calidad es mala,38,38.0,negativo
4,puedo opinar del producto,19,38.0,negativo
4,compra no me ha,19,38.0,negativo
4,que haber llegado el,38,38.0,negativo
4,no e recibido el,19,38.0,negativo
4,estoy muy descontenta con,19,38.0,negativo
4,no la recomiendo me,19,38.0,negativo
4,de un mes el,19,38.0,negativo
4,el dinero el producto,19,38.0,negativo
4,el producto no llego,19,38.0,negativo
4,ya no puedo devolverlo,19,38.0,negativo
4,pasado el plazo de,19,38.0,negativo
4,no ha llegado la,19,38.0,negativo
4,se han roto las,19,38.0,negativo
4,algo más de dinero,19,38.0,negativo
4,no me ha llegado,1020,37.09090909090909,negativo
4,no ha llegado no,37,37.0,negativo
4,la recomiendo en absoluto,37,37.0,negativo
4,ha gustado nada se,18,36.0,negativo
4,nunca llegó el producto,18,36.0,negativo
4,y no funciona el,18,36.0,negativo
4,no estoy contento con,36,36.0,negativo
4,no se hace responsable,18,36.0,negativo
4,estoy muy descontento con,18,36.0,negativo
4,tenía que haber llegado,36,36.0,negativo
4,lo he recibido todavía,18,36.0,negativo
4,este producto no lo,18,36.0,negativo
4,ya no funciona y,18,36.0,negativo
4,y se han roto,18,36.0,negativo
4,mes y ya no,18,36.0,negativo
4,ha gustado porque no,18,36.0,negativo
4,y para colmo no,18,36.0,negativo
4,a que me llegue,18,36.0,negativo
4,no funciona no me,18,36.0,negativo
4,y a fecha de,18,36.0,negativo
4,de uso no lo,18,36.0,negativo
4,en menos de mes,18,36.0,negativo
4,dos veces y ya,18,36.0,negativo
4,lo he recibido la,18,36.0,negativo
4,que me devolvieron el,18,36.0,negativo
4,vendedor no me ha,18,36.0,negativo
4,no ha durado ni,107,35.666666666666664,negativo
4,no es normal que,35,35.0,negativo
4,que no cumple con,17,34.0,negativo
4,piezas no encajan bien,17,34.0,negativo
4,para nada el producto,17,34.0,negativo
4,sigo sin recibir el,17,34.0,negativo
4,dejado de funcionar sin,17,34.0,negativo
4,me ha llegado después,17,34.0,negativo
4,perdida de tiempo y,17,34.0,negativo
4,aun no ha llegado,34,34.0,negativo
4,pero no he recibido,17,34.0,negativo
4,mala calidad no lo,34,34.0,negativo
4,la he devuelto no,17,34.0,negativo
4,voy a devolver y,17,34.0,negativo
4,de hoy aún no,17,34.0,negativo
4,mala calidad no se,34,34.0,negativo
4,no los he recibido,17,34.0,negativo
4,entre la pantalla y,17,34.0,negativo
4,ha roto por la,17,34.0,negativo
4,he pedido la devolución,34,34.0,negativo
4,lo peor de lo,17,34.0,negativo
4,que devolverlo porque no,17,34.0,negativo
4,nunca me llegó el,50,33.333333333333336,negativo
4,no aconsejo su compra,33,33.0,negativo
4,el producto porque no,33,33.0,negativo
4,me ha decepcionado mucho,33,33.0,negativo
4,aún no me ha,129,32.25,negativo
4,dos meses de espera,16,32.0,negativo
4,lo peor que he,48,32.0,negativo
4,para nada no me,32,32.0,negativo
4,para nada este producto,16,32.0,negativo
4,meses ha dejado de,48,32.0,negativo
4,una fecha de entrega,16,32.0,negativo
4,sirven para nada no,16,32.0,negativo
4,dinero no me ha,16,32.0,negativo
4,el pedido después de,16,32.0,negativo
4,me ha durado días,16,32.0,negativo
4,me parece una estafa,16,32.0,negativo
4,muy descontento con el,32,32.0,negativo
4,muy mala calidad es,16,32.0,negativo
4,se ha roto con,16,32.0,negativo
4,no puedo valorarlo porque,16,32.0,negativo
4,han enviado un producto,16,32.0,negativo
4,y no me contestan,16,32.0,negativo
4,sobre el producto porque,16,32.0,negativo
4,muy pequeño para el,16,32.0,negativo
4,rompió a los pocos,16,32.0,negativo
4,que tirar a la,16,32.0,negativo
4,peor de lo peor,16,32.0,negativo
4,por la mala calidad,16,32.0,negativo
4,no lo recomiendo el,143,31.77777777777778,negativo
4,ha llegado el producto,202,31.076923076923077,negativo
4,mes y medio de,31,31.0,negativo
4,a la semana de,108,30.857142857142858,negativo
4,y no he recibido,46,30.666666666666668,negativo
4,no se lo recomiendo,61,30.5,negativo
4,ha llegado el vendedor,15,30.0,negativo
4,muy mal no me,15,30.0,negativo
4,recomiendo a nadie no,15,30.0,negativo
4,muy descontenta con el,30,30.0,negativo
4,me ha sido entregado,15,30.0,negativo
4,es muy mala no,15,30.0,negativo
4,muy mala calidad lo,15,30.0,negativo
4,se me pasó el,15,30.0,negativo
4,he llegado a recibir,15,30.0,negativo
4,al segundo uso se,15,30.0,negativo
4,es un engaño no,15,30.0,negativo
4,ha llegado no puedo,15,30.0,negativo
4,a la basura me,15,30.0,negativo
4,a la basura el,30,30.0,negativo
4,no me sirve no,15,30.0,negativo
4,llevado una gran decepción,15,30.0,negativo
4,no funciona no es,15,30.0,negativo
4,no funciona desde el,15,30.0,negativo
4,el paquete se ha,15,30.0,negativo
4,vuelvo a comprar nada,15,30.0,negativo
4,me ha durado ni,75,30.0,negativo
4,una cosa es que,15,30.0,negativo
4,y yo no he,15,30.0,negativo
4,no me llego nunca,15,30.0,negativo
4,sigo esperando a que,15,30.0,negativo
4,más de días y,15,30.0,negativo
4,ha llegado el artículo,15,30.0,negativo
4,directo a la basura,15,30.0,negativo
4,se ha estropeado el,15,30.0,negativo
4,de ponerme en contacto,15,30.0,negativo
4,a los seis meses,15,30.0,negativo
4,muy mala calidad muy,15,30.0,negativo
4,el producto no ha,73,29.2,negativo
4,tenía que llegar el,29,29.0,negativo
4,el producto no cumple,29,29.0,negativo
4,vale para nada no,58,29.0,negativo
4,el vendedor no me,58,29.0,negativo
4,único bueno es que,29,29.0,negativo
4,a la basura la,29,29.0,negativo
4,no lo puedo devolver,57,28.5,negativo
4,no lo recomiendo muy,56,28.0,negativo
4,muy decepcionado con el,28,28.0,negativo
4,no valen para nada,56,28.0,negativo
4,y no lo recomiendo,28,28.0,negativo
4,me ha llegado me,28,28.0,negativo
4,no lo recomiendo la,97,27.714285714285715,negativo
4,dejado de funcionar no,55,27.5,negativo
4,la devolución del dinero,96,27.428571428571427,negativo
4,no me llego el,54,27.0,negativo
4,vale para nada es,27,27.0,negativo
4,una tomadura de pelo,54,27.0,negativo
4,que me lo cambien,27,27.0,negativo
4,me llego el pedido,27,27.0,negativo
4,vale para nada se,27,27.0,negativo
4,ha sido una decepción,54,27.0,negativo
4,muy mala calidad el,53,26.5,negativo
4,la devolución del producto,66,26.4,negativo
4,no vale para nada,356,26.37037037037037,negativo
4,es de muy mala,131,26.2,negativo
4,la devolución del importe,52,26.0,negativo
4,y aún estoy esperando,26,26.0,negativo
4,me han enviado un,39,26.0,negativo
4,principio muy bien pero,26,26.0,negativo
4,la imagen no se,26,26.0,negativo
4,no vale la pena,207,25.875,negativo
4,no sirve para nada,386,25.733333333333334,negativo
4,he recibido el pedido,90,25.714285714285715,negativo
4,he devuelto el producto,51,25.5,negativo
4,y aún no lo,38,25.333333333333332,negativo
4,todavía no me ha,76,25.333333333333332,negativo
4,ha gustado nada el,38,25.333333333333332,negativo
4,no lo recomiendo lo,63,25.2,negativo
4,voy a devolver el,25,25.0,negativo
4,no lo recomiendo a,86,24.571428571428573,negativo
4,he recibido el paquete,49,24.5,negativo
4,una estrella por que,24,24.0,negativo
4,no es una buena,24,24.0,negativo
4,el vendedor me dice,24,24.0,negativo
4,los gastos de devolución,24,24.0,negativo
4,no me han devuelto,60,24.0,negativo
4,he recibido el artículo,24,24.0,negativo
4,el de julio y,24,24.0,negativo
4,mala calidad de la,24,24.0,negativo
4,pongo en contacto con,36,24.0,negativo
4,directamente a la basura,24,24.0,negativo
4,y todavía no lo,24,24.0,negativo
4,no ha llegado y,47,23.5,negativo
4,al vendedor y no,35,23.333333333333332,negativo
4,a fecha de hoy,35,23.333333333333332,negativo
4,que me lo han,23,23.0,negativo
4,vendedor me dice que,23,23.0,negativo
4,descontento con el producto,23,23.0,negativo
4,recomiendo no me ha,23,23.0,negativo
4,el y el de,23,23.0,negativo
4,el pedido el de,23,23.0,negativo
4,muy caro para la,23,23.0,negativo
4,el dinero a la,23,23.0,negativo
4,no me gustó nada,69,23.0,negativo
4,ni un mes y,23,23.0,negativo
4,poco mas de un,23,23.0,negativo
4,no ha llegado ni,23,23.0,negativo
4,lo recomiendo no lo,23,23.0,negativo
4,he probado con varios,23,23.0,negativo
4,no nos ha gustado,23,23.0,negativo
4,volveré a comprar no,23,23.0,negativo
4,tenido que devolver no,23,23.0,negativo
4,lo he recibido el,34,22.666666666666668,negativo
4,no cumple con su,34,22.666666666666668,negativo
4,puedo valorar el producto,45,22.5,negativo
4,de muy mala calidad,370,22.424242424242426,negativo
4,me da la opción,22,22.0,negativo
4,al final he tenido,22,22.0,negativo
4,tirarlo a la basura,22,22.0,negativo
4,con muy poco uso,44,22.0,negativo
4,no la he recibido,33,22.0,negativo
4,el producto no funciona,33,22.0,negativo
4,calidad no lo recomiendo,44,22.0,negativo
4,muy decepcionado con la,22,22.0,negativo
4,no sirve para lo,22,22.0,negativo
4,me he quedado sin,22,22.0,negativo
4,el producto no lo,44,22.0,negativo
4,un año y ya,22,22.0,negativo
4,no es un buen,33,22.0,negativo
4,de entrega y no,22,22.0,negativo
4,lo único bueno es,44,22.0,negativo
4,el de febrero y,22,22.0,negativo
4,producto de muy baja,22,22.0,negativo
4,el de septiembre y,22,22.0,negativo
4,no lo devuelvo por,33,22.0,negativo
4,opinar sobre el producto,33,22.0,negativo
4,no cumple con la,22,22.0,negativo
4,me llego el producto,43,21.5,negativo
4,lo he devuelto el,32,21.333333333333332,negativo
4,aun no he recibido,32,21.333333333333332,negativo
4,calidad es muy mala,32,21.333333333333332,negativo
4,yo no lo recomiendo,32,21.333333333333332,negativo
4,final he tenido que,21,21.0,negativo
4,el dinero no me,21,21.0,negativo
4,a devolver el producto,21,21.0,negativo
4,y deja de funcionar,21,21.0,negativo
4,no hace absolutamente nada,21,21.0,negativo
4,mm por cada lado,21,21.0,negativo
4,veces y ya no,21,21.0,negativo
4,ni se os ocurra,21,21.0,negativo
4,estoy esperando que me,42,21.0,negativo
4,que dejó de funcionar,21,21.0,negativo
4,mes y medio no,21,21.0,negativo
4,dejado de funcionar en,21,21.0,negativo
4,ha llegado en mal,21,21.0,negativo
4,ha durado ni una,21,21.0,negativo
4,me ha llegado lo,21,21.0,negativo
4,pocos meses de uso,21,21.0,negativo
4,y lo peor es,52,20.8,negativo
4,aún no he recibido,83,20.75,negativo
4,no volveré a comprar,186,20.666666666666668,negativo
4,no estoy nada contenta,31,20.666666666666668,negativo
4,voy a devolver no,31,20.666666666666668,negativo
4,menos de dos meses,31,20.666666666666668,negativo
4,porque no me deja,31,20.666666666666668,negativo
4,no me ha resultado,31,20.666666666666668,negativo
4,he recibido el producto,163,20.375,negativo
4,el reembolso del dinero,20,20.0,negativo
4,ya no funciona no,30,20.0,negativo
4,el táctil no funciona,20,20.0,negativo
4,de funcionar no lo,20,20.0,negativo
4,que no ha llegado,20,20.0,negativo
4,de tan mala calidad,20,20.0,negativo
4,este producto no me,40,20.0,negativo
4,el día de enero,20,20.0,negativo
4,ha roto la cremallera,20,20.0,negativo
4,la empresa que lo,20,20.0,negativo
4,lo que no sirve,20,20.0,negativo
4,ha llegado y me,20,20.0,negativo
4,deja de funcionar y,20,20.0,negativo
4,no me da tiempo,20,20.0,negativo
4,veces y las dos,20,20.0,negativo
4,el de diciembre y,30,20.0,negativo
4,y no hay forma,59,19.666666666666668,negativo
4,me ha gustado nada,400,19.51219512195122,negativo
4,no he recibido respuesta,29,19.333333333333332,negativo
4,lo he recibido y,58,19.333333333333332,negativo
4,entre el y el,29,19.333333333333332,negativo
4,a la segunda vez,29,19.333333333333332,negativo
4,no las recomiendo para,29,19.333333333333332,negativo
4,dejado de funcionar a,29,19.333333333333332,negativo
4,me ha decepcionado no,29,19.333333333333332,negativo
4,son de muy mala,48,19.2,negativo
4,menos de meses y,19,19.0,negativo
4,he recibido mi pedido,19,19.0,negativo
4,ya no me funciona,19,19.0,negativo
4,hablar con el vendedor,19,19.0,negativo
4,pantalla no lo recomiendo,19,19.0,negativo
4,me hicieron la devolución,19,19.0,negativo
4,se perdió por el,19,19.0,negativo
4,perdió por el camino,19,19.0,negativo
4,no responde a los,19,19.0,negativo
4,lo he devuelto la,19,19.0,negativo
4,lo he devuelto no,66,18.857142857142858,negativo
4,nada de nada no,28,18.666666666666668,negativo
4,no los recomiendo para,28,18.666666666666668,negativo
4,ha servido de nada,28,18.666666666666668,negativo
4,para nada no se,28,18.666666666666668,negativo
4,los voy a devolver,28,18.666666666666668,negativo
4,la pantalla no lo,28,18.666666666666668,negativo
4,durado ni una semana,28,18.666666666666668,negativo
4,estoy esperando a que,37,18.5,negativo
4,ha durado menos de,37,18.5,negativo
4,de uso y ya,37,18.5,negativo
4,y ya se ha,110,18.333333333333332,negativo
4,al principio funcionaba bien,18,18.0,negativo
4,me gusta nada no,18,18.0,negativo
4,estoy esperando el reembolso,18,18.0,negativo
4,con el mismo problema,27,18.0,negativo
4,el paquete y me,18,18.0,negativo
4,producto ya que no,27,18.0,negativo
4,no corresponde con lo,27,18.0,negativo
4,no funciona bien no,27,18.0,negativo
4,no dura nada la,18,18.0,negativo
4,me parece una vergüenza,18,18.0,negativo
4,llego en mal estado,18,18.0,negativo
4,no corresponde a la,18,18.0,negativo
4,que era un regalo,18,18.0,negativo
4,el de noviembre y,18,18.0,negativo
4,no ha llegado me,18,18.0,negativo
4,el tiempo de devolución,18,18.0,negativo
4,ha durado ni dos,18,18.0,negativo
4,tirar a la basura,36,18.0,negativo
4,lo compré por las,18,18.0,negativo
4,y a los días,18,18.0,negativo
4,y ya no puedo,18,18.0,negativo
4,no lo recomiendo los,18,18.0,negativo
4,y ya no funciona,107,17.833333333333332,negativo
4,no cumple con las,44,17.6,negativo
4,han devuelto el dinero,140,17.5,negativo
4,dejo de funcionar a,35,17.5,negativo
4,y dejo de funcionar,35,17.5,negativo
4,esperando a que me,35,17.5,negativo
4,una pérdida de tiempo,26,17.333333333333332,negativo
4,de un mes no,43,17.2,negativo
4,al principio muy bien,43,17.2,negativo
4,sirve para nada se,17,17.0,negativo
4,ya no se enciende,17,17.0,negativo
4,más de dos meses,34,17.0,negativo
4,me parece un engaño,17,17.0,negativo
4,me han entregado el,17,17.0,negativo
4,uso y ya se,17,17.0,negativo
4,no me parece nada,17,17.0,negativo
4,producto no lo he,17,17.0,negativo
4,de la compra no,17,17.0,negativo
4,pero a los días,17,17.0,negativo
4,devolver el producto y,17,17.0,negativo
4,no puede ser que,17,17.0,negativo
4,no encaja con el,17,17.0,negativo
4,con el vendedor a,17,17.0,negativo
4,el dinero de la,17,17.0,negativo
4,he pedido dos veces,17,17.0,negativo
4,no lo puedo utilizar,17,17.0,negativo
4,sirve para nada el,25,16.666666666666668,negativo
4,me devolvieron el importe,25,16.666666666666668,negativo
4,durado menos de un,25,16.666666666666668,negativo
4,llegado en mal estado,25,16.666666666666668,negativo
4,de mala calidad se,33,16.5,negativo
4,no volveré a comprarlo,41,16.4,negativo
4,no me gusta no,41,16.4,negativo
4,que devolver ya que,24,16.0,negativo
4,no he podido utilizarlo,16,16.0,negativo
4,no los recomiendo en,16,16.0,negativo
4,valorar el producto porque,16,16.0,negativo
4,no puedo opinar del,24,16.0,negativo
4,dejó de funcionar por,16,16.0,negativo
4,días de retraso y,16,16.0,negativo
4,y aun no me,32,16.0,negativo
4,el producto después de,24,16.0,negativo
4,lo he devuelto y,64,16.0,negativo
4,y todavía no me,32,16.0,negativo
4,me lo han mandado,32,16.0,negativo
4,a la semana se,32,16.0,negativo
4,pero no la recomiendo,16,16.0,negativo
4,es muy malo no,16,16.0,negativo
4,está claro que no,16,16.0,negativo
4,no se queda pegado,16,16.0,negativo
4,de lo peor que,24,16.0,negativo
4,la mala calidad del,16,16.0,negativo
4,no ha llegado lo,16,16.0,negativo
4,dejado de funcionar correctamente,16,16.0,negativo
4,pone en contacto conmigo,16,16.0,negativo
4,no se pega por,16,16.0,negativo
4,se pega por los,16,16.0,negativo
4,no soy el único,16,16.0,negativo
4,he intentado contactar con,16,16.0,negativo
4,me ha llegado de,16,16.0,negativo
4,tuve que volver a,16,16.0,negativo
4,no repetiría la compra,16,16.0,negativo
4,en menos de meses,63,15.75,negativo
4,de funcionar y no,31,15.5,negativo
4,el plazo de devolución,31,15.5,negativo
4,en mal estado no,31,15.5,negativo
4,y aún no he,31,15.5,negativo
4,lo barato sale caro,147,15.473684210526315,negativo
4,con la foto no,23,15.333333333333334,negativo
4,tenido que comprar otro,46,15.333333333333334,negativo
4,muy mala calidad y,69,15.333333333333334,negativo
4,lo tengo que devolver,23,15.333333333333334,negativo
4,espera de que me,23,15.333333333333334,negativo
4,que no he recibido,23,15.333333333333334,negativo
4,ha dejado de funcionar,489,15.28125,negativo
4,ha llegado el pedido,84,15.272727272727273,negativo
4,no la recomiendo para,84,15.272727272727273,negativo
4,dejado de funcionar el,38,15.2,negativo
4,y no vale para,38,15.2,negativo
4,ha pasado lo mismo,38,15.2,negativo
4,me ha durado meses,38,15.2,negativo
4,un mes y no,38,15.2,negativo
4,y ya se me,38,15.2,negativo
4,me ha llegado el,339,15.066666666666666,negativo
4,nunca me llegó y,15,15.0,negativo
4,menos de dos semanas,15,15.0,negativo
4,funcionar a los pocos,15,15.0,negativo
4,barato sale caro no,30,15.0,negativo
4,un mes y aún,15,15.0,negativo
4,se ha rajado por,15,15.0,negativo
4,el de agosto y,15,15.0,negativo
4,esperando que me llegue,15,15.0,negativo
4,y se ha partido,15,15.0,negativo
4,y no volveré a,15,15.0,negativo
4,no lo vuelvo a,15,15.0,negativo
4,una semana y ya,15,15.0,negativo
4,no se puede montar,15,15.0,negativo
4,con la foto es,15,15.0,negativo
4,mala calidad se me,15,15.0,negativo
4,de ninguna de las,15,15.0,negativo
4,muy mala calidad las,15,15.0,negativo
4,se ha roto a,30,15.0,negativo
4,el pedido en el,15,15.0,negativo
4,y se calienta mucho,15,15.0,negativo
4,hace dos meses que,15,15.0,negativo
4,se empezó a despegar,15,15.0,negativo
4,yo lo he devuelto,15,15.0,negativo
4,me da tiempo a,15,15.0,negativo
4,y nunca me había,15,15.0,negativo
4,he devuelto ya que,15,15.0,negativo
4,más no me ha,15,15.0,negativo
4,funcionar a la semana,15,15.0,negativo
4,y aun no ha,15,15.0,negativo
4,en mal estado la,15,15.0,negativo
4,muy poco la batería,15,15.0,negativo
4,ha gustado nada lo,15,15.0,negativo
4,se ve la imagen,15,15.0,negativo
4,tenido que hacer un,15,15.0,negativo
4,un mes y ya,37,14.8,negativo
4,no funciona nada bien,22,14.666666666666666,negativo
4,no me gusto nada,44,14.666666666666666,negativo
4,cabo de un mes,22,14.666666666666666,negativo
4,las voy a devolver,22,14.666666666666666,negativo
4,al vendedor y me,22,14.666666666666666,negativo
4,no la volveré a,22,14.666666666666666,negativo
4,me han durado ni,22,14.666666666666666,negativo
4,y todavía estoy esperando,22,14.666666666666666,negativo
4,ver con el de,22,14.666666666666666,negativo
4,dos veces y las,22,14.666666666666666,negativo
4,que he recibido no,29,14.5,negativo
4,dejo de funcionar y,29,14.5,negativo
4,y no me dan,29,14.5,negativo
4,no se adhiere bien,29,14.5,negativo
4,no funciona bien la,29,14.5,negativo
4,no vale para el,36,14.4,negativo
4,ha servido para nada,36,14.4,negativo
4,dejó de funcionar el,36,14.4,negativo
4,ha llegado el paquete,43,14.333333333333334,negativo
4,el producto no me,100,14.285714285714286,negativo
4,ver con la foto,78,14.181818181818182,negativo
4,de muy baja calidad,126,14.0,negativo
4,no corresponde con el,56,14.0,negativo
4,muy baja calidad y,21,14.0,negativo
4,y lo peor de,28,14.0,negativo
4,he solicitado la devolución,70,14.0,negativo
4,este producto no es,28,14.0,negativo
4,producto no es el,21,14.0,negativo
4,no hace buen contacto,21,14.0,negativo
4,devolvieron el dinero no,21,14.0,negativo
4,precio no merece la,21,14.0,negativo
4,de mala calidad no,62,13.777777777777779,negativo
4,he tenido que tirar,55,13.75,negativo
4,no puedo valorar el,48,13.714285714285714,negativo
4,me han devuelto el,144,13.714285714285714,negativo
4,no lo recomiendo es,82,13.666666666666666,negativo
4,dejó de funcionar a,34,13.6,negativo
4,no funciona no se,27,13.5,negativo
4,el de enero y,27,13.5,negativo
4,aún no me han,27,13.5,negativo
4,el producto y no,60,13.333333333333334,negativo
4,lo tuve que tirar,20,13.333333333333334,negativo
4,a la tercera vez,20,13.333333333333334,negativo
4,mi sorpresa ha sido,20,13.333333333333334,negativo
4,se calienta mucho y,20,13.333333333333334,negativo
4,que hice el pedido,20,13.333333333333334,negativo
4,y no ha llegado,60,13.333333333333334,negativo
4,el paquete y no,20,13.333333333333334,negativo
4,me han gustado nada,40,13.333333333333334,negativo
4,no se adhiere a,20,13.333333333333334,negativo
4,no lo recomiendo para,354,13.11111111111111,negativo
4,me ha llegado roto,39,13.0,negativo
4,de funcionar a los,65,13.0,negativo
4,el protector no se,26,13.0,negativo
4,peor de todo es,52,13.0,negativo
4,no funciona no lo,26,13.0,negativo
4,batería no dura ni,26,13.0,negativo
4,que me han mandado,26,13.0,negativo
4,no sirven para nada,96,12.8,negativo
4,se pongan en contacto,19,12.666666666666666,negativo
4,no volveré a pedir,19,12.666666666666666,negativo
4,a comprar esta marca,19,12.666666666666666,negativo
4,el producto aún no,19,12.666666666666666,negativo
4,desde el primer uso,19,12.666666666666666,negativo
4,lo peor de todo,76,12.666666666666666,negativo
4,lo pedí el de,19,12.666666666666666,negativo
4,con la empresa de,19,12.666666666666666,negativo
4,y no cubre toda,19,12.666666666666666,negativo
4,ha durado dos meses,19,12.666666666666666,negativo
4,he devuelto y he,19,12.666666666666666,negativo
4,no me sirve para,95,12.666666666666666,negativo
4,no es por el,19,12.666666666666666,negativo
4,producto no me ha,82,12.615384615384615,negativo
4,no se que hacer,25,12.5,negativo
4,no cumple su función,75,12.5,negativo
4,ninguna de las dos,25,12.5,negativo
4,el vendedor para que,25,12.5,negativo
4,y al poco tiempo,25,12.5,negativo
4,a la media hora,25,12.5,negativo
4,uso se ha roto,25,12.5,negativo
4,me parece muy mal,25,12.5,negativo
4,no se ajusta a,118,12.421052631578947,negativo
4,me dijeron que me,31,12.4,negativo
4,no merecen la pena,37,12.333333333333334,negativo
4,lo voy a devolver,154,12.32,negativo
4,no sirve para el,49,12.25,negativo
4,y no lo he,61,12.2,negativo
4,no ha cumplido con,18,12.0,negativo
4,que le ha pasado,18,12.0,negativo
4,la pantalla es más,18,12.0,negativo
4,del producto pone que,18,12.0,negativo
4,dejado de funcionar al,24,12.0,negativo
4,una de las asas,18,12.0,negativo
4,poner en contacto con,18,12.0,negativo
4,meses se me ha,18,12.0,negativo
4,en nada a la,24,12.0,negativo
4,y en mal estado,24,12.0,negativo
4,tenido que devolver el,24,12.0,negativo
4,y a dia de,18,12.0,negativo
4,ha llegado a casa,18,12.0,negativo
4,de entrega era el,18,12.0,negativo
4,no se si el,18,12.0,negativo
4,porque no me ha,42,12.0,negativo
4,he usado veces y,18,12.0,negativo
4,el día de diciembre,30,12.0,negativo
4,una pena la verdad,18,12.0,negativo
4,y las dos veces,24,12.0,negativo
4,a la basura y,18,12.0,negativo
4,pero no ha durado,18,12.0,negativo
4,es una vergüenza que,18,12.0,negativo
4,yo no he recibido,18,12.0,negativo
4,me llego el paquete,18,12.0,negativo
4,no funciona bien el,24,12.0,negativo
4,es de muy baja,36,12.0,negativo
4,menos de una hora,18,12.0,negativo
4,he seguido las instrucciones,30,12.0,negativo
4,no me han contestado,24,12.0,negativo
4,en proceso de devolución,18,12.0,negativo
4,me ha gustado para,18,12.0,negativo
4,que se ha roto,24,12.0,negativo
4,de mala calidad lo,18,12.0,negativo
4,no cumple lo que,18,12.0,negativo
4,mala calidad de los,18,12.0,negativo
4,no merece la pena,442,11.786666666666667,negativo
4,fecha de entrega y,47,11.75,negativo
4,en menos de dos,35,11.666666666666666,negativo
4,es mas pequeño que,29,11.6,negativo
4,que no me sirve,29,11.6,negativo
4,corresponde con el de,23,11.5,negativo
4,para que me lo,40,11.428571428571429,negativo
4,pongan en contacto conmigo,17,11.333333333333334,negativo
4,el paquete me ha,17,11.333333333333334,negativo
4,corresponde con el modelo,17,11.333333333333334,negativo
4,la devolución y me,17,11.333333333333334,negativo
4,con este producto no,17,11.333333333333334,negativo
4,no lo he llegado,17,11.333333333333334,negativo
4,para nada es una,17,11.333333333333334,negativo
4,no dura ni un,17,11.333333333333334,negativo
4,me ha roto en,17,11.333333333333334,negativo
4,de funcionar al mes,17,11.333333333333334,negativo
4,en el mismo día,17,11.333333333333334,negativo
4,se supone que tiene,17,11.333333333333334,negativo
4,es de lo peor,17,11.333333333333334,negativo
4,he escrito al vendedor,17,11.333333333333334,negativo
4,que no se corresponde,17,11.333333333333334,negativo
4,ver con las fotos,17,11.333333333333334,negativo
4,dejo de funcionar en,17,11.333333333333334,negativo
4,los meses de uso,45,11.25,negativo
4,no cumple con lo,56,11.2,negativo
4,ya no lo puedo,28,11.2,negativo
4,amazon me devolvió el,28,11.2,negativo
4,no he recibido la,28,11.2,negativo
4,y dejó de funcionar,28,11.2,negativo
4,a los tres meses,28,11.2,negativo
4,me ha durado dos,28,11.2,negativo
4,segunda vez que me,39,11.142857142857142,negativo
4,me ha devuelto el,33,11.0,negativo
4,pagar los gastos de,22,11.0,negativo
4,pero a la semana,33,11.0,negativo
4,y el otro no,22,11.0,negativo
4,después de días de,22,11.0,negativo
4,no lo compraría de,22,11.0,negativo
4,llego a saber no,22,11.0,negativo
4,a los meses de,77,11.0,negativo
4,al cabo de dos,22,11.0,negativo
4,dejado de funcionar la,22,11.0,negativo
4,me dejó de funcionar,22,11.0,negativo
4,que ver con lo,49,10.88888888888889,negativo
4,de mes y medio,49,10.88888888888889,negativo
4,un mes que lo,38,10.857142857142858,negativo
4,y no sirve para,38,10.857142857142858,negativo
4,no volvería a comprarla,38,10.857142857142858,negativo
4,a los dos meses,92,10.823529411764707,negativo
4,dos días de uso,27,10.8,negativo
4,el pedido no me,27,10.8,negativo
4,una de ellas se,27,10.8,negativo
4,que no vale para,43,10.75,negativo
4,me ha llegado una,43,10.75,negativo
4,si llego a saber,16,10.666666666666666,negativo
4,roto uno de los,16,10.666666666666666,negativo
4,que me ha tocado,16,10.666666666666666,negativo
4,por eso no me,16,10.666666666666666,negativo
4,buena pinta pero no,16,10.666666666666666,negativo
4,no ha habido manera,16,10.666666666666666,negativo
4,mismo día que lo,16,10.666666666666666,negativo
4,hice el pedido el,16,10.666666666666666,negativo
4,que no sirve para,64,10.666666666666666,negativo
4,de una semana y,16,10.666666666666666,negativo
4,que devolver el producto,48,10.666666666666666,negativo
4,no lo llegué a,16,10.666666666666666,negativo
4,no cumplió mis expectativas,16,10.666666666666666,negativo
4,sirve para nada y,16,10.666666666666666,negativo
4,mi no me funciona,16,10.666666666666666,negativo
4,tenido que dejar de,16,10.666666666666666,negativo
4,no es del tamaño,16,10.666666666666666,negativo
4,pero ha sido una,16,10.666666666666666,negativo
4,los dos días se,16,10.666666666666666,negativo
4,y a los minutos,16,10.666666666666666,negativo
4,lo que he recibido,16,10.666666666666666,negativo
4,lo han dejado en,16,10.666666666666666,negativo
4,hasta el punto que,16,10.666666666666666,negativo
4,y no hay manera,117,10.636363636363637,negativo
4,se ha roto en,53,10.6,negativo
4,ya no se puede,37,10.571428571428571,negativo
4,pega por los bordes,21,10.5,negativo
4,no corresponde con la,63,10.5,negativo
4,que me pasa con,21,10.5,negativo
4,al segundo día de,42,10.5,negativo
4,se ha roto al,21,10.5,negativo
4,un mes se ha,21,10.5,negativo
4,la he devuelto y,21,10.5,negativo
4,no me parece correcto,21,10.5,negativo
4,ni nada de nada,21,10.5,negativo
4,y ya no lo,21,10.5,negativo
4,no se escucha nada,21,10.5,negativo
4,el producto me llego,21,10.5,negativo
4,no es así no,21,10.5,negativo
4,la pantalla no me,21,10.5,negativo
4,da a entender que,21,10.5,negativo
4,no ha llegado a,47,10.444444444444445,negativo
4,ninguno de los dos,47,10.444444444444445,negativo
4,ha devuelto el dinero,26,10.4,negativo
4,poco más y comprar,26,10.4,negativo
4,porque no se puede,52,10.4,negativo
4,recomiendo su compra no,26,10.4,negativo
4,producto y no me,26,10.4,negativo
4,y no es el,26,10.4,negativo
4,me llegó el producto,57,10.363636363636363,negativo
4,me ha llegado es,31,10.333333333333334,negativo
4,recomiendo la compra de,31,10.333333333333334,negativo
4,de un mes y,112,10.181818181818182,negativo
4,que ver con la,157,10.129032258064516,negativo
4,no me ha durado,106,10.095238095238095,negativo
4,y ha dejado de,50,10.0,negativo
4,forma de contactar con,15,10.0,negativo
4,ver con lo que,40,10.0,negativo
4,no cubre la totalidad,25,10.0,negativo
4,me ha llegado pero,20,10.0,negativo
4,un golpe en la,15,10.0,negativo
4,el producto ya que,65,10.0,negativo
4,nadie se ha puesto,15,10.0,negativo
4,vez que me pasa,75,10.0,negativo
4,en la misma caja,25,10.0,negativo
4,y me dijeron que,55,10.0,negativo
4,se me ha partido,15,10.0,negativo
4,y me dice que,40,10.0,negativo
4,lo tanto no puedo,20,10.0,negativo
4,la respuesta del vendedor,15,10.0,negativo
4,de un mes se,35,10.0,negativo
4,no hace ni un,15,10.0,negativo
4,a los meses y,15,10.0,negativo
4,he tenido mala suerte,35,10.0,negativo
4,no se corresponden con,40,10.0,negativo
4,ha roto la pantalla,15,10.0,negativo
4,lo siento pero no,30,10.0,negativo
4,por no decir que,20,10.0,negativo
4,la pantalla por completo,20,10.0,negativo
4,ha llegado con el,35,10.0,negativo
4,tenia que llegar el,15,10.0,negativo
4,día de hoy aún,15,10.0,negativo
4,no volvería a comprarlos,15,10.0,negativo
4,no hace su función,25,10.0,negativo
4,esto es lo que,15,10.0,negativo
4,meses se ha roto,20,10.0,negativo
4,para nada es un,20,10.0,negativo
4,y no se podía,15,10.0,negativo
4,no cumple la función,20,10.0,negativo
4,muy bien hasta que,20,10.0,negativo
4,no cumple mis expectativas,20,10.0,negativo
4,rompió a la semana,15,10.0,negativo
4,peor que he visto,15,10.0,negativo
4,y no funciona no,20,10.0,negativo
4,no pega bien y,15,10.0,negativo
4,porque era un regalo,25,10.0,negativo
4,abrir el paquete y,15,10.0,negativo
4,con el producto no,40,10.0,negativo
4,ha llegado roto y,15,10.0,negativo
4,que la pantalla y,15,10.0,negativo
4,mala calidad y se,15,10.0,negativo
4,mala calidad el producto,15,10.0,negativo
4,ha gustado nada la,20,10.0,negativo
4,ha llegado la caja,35,10.0,negativo
4,hacer para que me,15,10.0,negativo
4,que una escopeta de,15,10.0,negativo
4,una escopeta de feria,15,10.0,negativo
4,dejado de funcionar de,15,10.0,negativo
4,mal por parte de,15,10.0,negativo
4,es una lástima porque,30,10.0,negativo
4,le doy tres estrellas,52,inf,neutro
4,doy tres estrellas porque,29,inf,neutro
4,le pongo tres estrellas,38,38.0,neutro
4,tres estrellas porque el,17,34.0,neutro
4,doy tres estrellas por,16,32.0,neutro
4,pongo tres estrellas porque,22,22.0,neutro
4,calidad precio no esta,17,11.333333333333334,neutro
4,no le pongo más,17,11.333333333333334,neutro
4,bien pero la parte,15,10.0,neutro
4,muy bien buen producto,22,inf,positivo
4,a la perfección muy,30,inf,positivo
4,sin duda lo recomiendo,49,inf,positivo
4,fácil de utilizar y,33,inf,positivo
4,relación calidad precio las,16,inf,positivo
4,que envidiar a las,17,inf,positivo
4,recomendable me ha gustado,16,inf,positivo
4,no se mueve nada,21,inf,positivo
4,volvería a comprarlo sin,28,inf,positivo
4,muy buen producto muy,15,inf,positivo
4,muy bien muy contento,16,inf,positivo
4,lo recomiendo sin duda,53,inf,positivo
4,perfectamente con las expectativas,16,inf,positivo
4,perfectamente su función y,24,inf,positivo
4,satisfechos con la compra,17,inf,positivo
4,ha encantado y a,16,inf,positivo
4,bien muy buena calidad,17,inf,positivo
4,bien bien bien bien,18,inf,positivo
4,buena calidad a un,33,inf,positivo
4,gran relación calidad precio,19,inf,positivo
4,la única pega por,20,inf,positivo
4,cuesta un poco pero,15,inf,positivo
4,calidad precio lo recomiendo,29,inf,positivo
4,momento estoy muy contento,15,inf,positivo
4,llego muy rápido y,24,inf,positivo
4,se adapta a cualquier,18,inf,positivo
4,muy cómodo y fácil,18,inf,positivo
4,sobrina le ha encantado,15,inf,positivo
4,años y le encantó,22,inf,positivo
4,lo que esperaba buen,15,inf,positivo
4,de instalar y muy,15,inf,positivo
4,ha sido un acierto,38,inf,positivo
4,tal cual las fotos,16,inf,positivo
4,un precio muy razonable,19,inf,positivo
4,buena calidad cumple con,17,inf,positivo
4,a buen precio muy,16,inf,positivo
4,con la compra buen,25,inf,positivo
4,buen producto lo recomiendo,18,inf,positivo
4,volveria a comprar sin,17,inf,positivo
4,lo recomiendo a todos,28,inf,positivo
4,con la compra perfecto,18,inf,positivo
4,que estoy muy contento,17,inf,positivo
4,no le pongo la,15,inf,positivo
4,ok ok ok ok,31,inf,positivo
4,estoy encantada con el,23,inf,positivo
4,a comprarlo sin duda,32,inf,positivo
4,y de momento todo,15,inf,positivo
4,con la compra funciona,17,inf,positivo
4,buena calidad a mi,15,inf,positivo
4,y me ha encantado,18,inf,positivo
4,muy buena compra muy,19,inf,positivo
4,a buen precio la,19,inf,positivo
4,que estoy muy contenta,23,inf,positivo
4,nada malo que decir,15,inf,positivo
4,relación calidad precio genial,19,inf,positivo
4,los amantes de la,15,inf,positivo
4,muy buena compra y,22,inf,positivo
4,ha encantado es muy,20,inf,positivo
4,que envidiar a los,18,inf,positivo
4,fácil de montar muy,19,inf,positivo
4,calidad precio fácil de,20,inf,positivo
4,la recomiendo sin duda,17,inf,positivo
4,desde la primera página,16,inf,positivo
4,este es el mejor,15,inf,positivo
4,calidad precio muy buen,15,inf,positivo
4,mi hijo esta encantado,20,inf,positivo
4,perfecto buena calidad y,16,inf,positivo
4,me ha encantado muy,18,inf,positivo
4,sin duda una buena,15,inf,positivo
4,sin duda volveré a,20,inf,positivo
4,perfecto tal y como,52,104.0,positivo
4,muy satisfecho con la,89,89.0,positivo
4,nada que envidiar a,80,80.0,positivo
4,me ha encantado es,38,76.0,positivo
4,estoy encantada con la,38,76.0,positivo
4,le ha encantado es,34,68.0,positivo
4,tiene nada que envidiar,34,68.0,positivo
4,con la compra buena,33,66.0,positivo
4,encantada con la compra,66,66.0,positivo
4,justo lo que estaba,33,66.0,positivo
4,la compra lo recomiendo,32,64.0,positivo
4,calidad y buen precio,60,60.0,positivo
4,pero en general muy,30,60.0,positivo
4,adapta perfectamente a mi,29,58.0,positivo
4,me encanta es muy,28,56.0,positivo
4,buen precio y buena,27,54.0,positivo
4,buena calidad precio muy,27,54.0,positivo
4,y le ha encantado,79,52.666666666666664,positivo
4,sin duda volvería a,26,52.0,positivo
4,muy fácil de utilizar,26,52.0,positivo
4,precio y buena calidad,26,52.0,positivo
4,excelente relación calidad precio,104,52.0,positivo
4,encantado con el producto,25,50.0,positivo
4,relación calidad precio perfecta,25,50.0,positivo
4,relación calidad precio buen,24,48.0,positivo
4,lo recomiendo buena calidad,24,48.0,positivo
4,muy buen producto lo,24,48.0,positivo
4,muy bien de momento,24,48.0,positivo
4,justo lo que buscaba,154,44.0,positivo
4,buen producto y muy,22,44.0,positivo
4,cumple perfectamente con las,22,44.0,positivo
4,y de muy buena,86,43.0,positivo
4,calidad precio es excelente,21,42.0,positivo
4,calidad y precio muy,21,42.0,positivo
4,perfectamente con su cometido,41,41.0,positivo
4,justo lo que necesitaba,122,40.666666666666664,positivo
4,buena calidad y muy,101,40.4,positivo
4,regalo y la persona,20,40.0,positivo
4,con todas las expectativas,20,40.0,positivo
4,más que de sobra,20,40.0,positivo
4,y bien de precio,20,40.0,positivo
4,relación calidad precio inmejorable,39,39.0,positivo
4,está muy contenta con,19,38.0,positivo
4,cumplen perfectamente su función,19,38.0,positivo
4,le ha encantado la,19,38.0,positivo
4,esta muy bien muy,19,38.0,positivo
4,relación calidad precio fácil,19,38.0,positivo
4,buena compra calidad precio,19,38.0,positivo
4,le doy cuatro estrellas,18,36.0,positivo
4,perfecta relación calidad precio,18,36.0,positivo
4,cumplen muy bien su,18,36.0,positivo
4,muy bien buena relación,18,36.0,positivo
4,lo que necesitaba muy,18,36.0,positivo
4,y como lo describen,18,36.0,positivo
4,perfecta para lo que,18,36.0,positivo
4,relación calidad precio de,18,36.0,positivo
4,buena calidad muy buena,18,36.0,positivo
4,buen precio buena calidad,18,36.0,positivo
4,le ha encantado muy,18,36.0,positivo
4,la mejor compra que,18,36.0,positivo
4,mejor compra que he,18,36.0,positivo
4,lo recomiendo muy buena,18,36.0,positivo
4,contentos con la compra,71,35.5,positivo
4,relación calidad precio excelente,52,34.666666666666664,positivo
4,muy bien lo recomiendo,51,34.0,positivo
4,muy bien todo correcto,17,34.0,positivo
4,muy sencillo de usar,17,34.0,positivo
4,tiene todo lo que,17,34.0,positivo
4,y está muy contenta,17,34.0,positivo
4,y no me arrepiento,17,34.0,positivo
4,de buena calidad tiene,17,34.0,positivo
4,me ha encantado lo,17,34.0,positivo
4,justo lo que yo,17,34.0,positivo
4,y están muy bien,17,34.0,positivo
4,buen producto cumple con,17,34.0,positivo
4,lo que buscaba muy,17,34.0,positivo
4,producto de gran calidad,17,34.0,positivo
4,las mejores compras que,17,34.0,positivo
4,muy buena opción para,16,32.0,positivo
4,así que lo recomiendo,16,32.0,positivo
4,encantado con la compra,32,32.0,positivo
4,funciona de maravilla y,16,32.0,positivo
4,buen producto me ha,16,32.0,positivo
4,estoy encantado con el,16,32.0,positivo
4,es más que aceptable,16,32.0,positivo
4,y muy buena calidad,32,32.0,positivo
4,a la perfección se,16,32.0,positivo
4,buena compra sin duda,16,32.0,positivo
4,muy suave y no,16,32.0,positivo
4,encaja perfectamente en mi,16,32.0,positivo
4,buen producto y buen,16,32.0,positivo
4,perfecto justo lo que,16,32.0,positivo
4,muy buen producto calidad,16,32.0,positivo
4,por lo que puedes,16,32.0,positivo
4,muy contenta con ella,16,32.0,positivo
4,he comprado a mi,16,32.0,positivo
4,le encantó a mi,16,32.0,positivo
4,genial tal y como,16,32.0,positivo
4,en perfecto estado muy,31,31.0,positivo
4,calidad a buen precio,46,30.666666666666668,positivo
4,de momento estoy contenta,15,30.0,positivo
4,con la compra muy,75,30.0,positivo
4,buena calidad buen precio,15,30.0,positivo
4,de momento sin problemas,15,30.0,positivo
4,me ha sorprendido gratamente,45,30.0,positivo
4,una buena compra muy,15,30.0,positivo
4,buena calidad precio el,15,30.0,positivo
4,va muy bien me,15,30.0,positivo
4,y estoy muy contento,45,30.0,positivo
4,doy cinco estrellas porque,30,30.0,positivo
4,fácil de montar es,15,30.0,positivo
4,que estaba buscando y,15,30.0,positivo
4,buen producto fácil de,15,30.0,positivo
4,calidad precio me ha,30,30.0,positivo
4,a un precio estupendo,15,30.0,positivo
4,he tenido ningun problema,15,30.0,positivo
4,muy sencillo de utilizar,15,30.0,positivo
4,buena calidad muy buen,15,30.0,positivo
4,mi me ha gustado,15,30.0,positivo
4,recibido antes de lo,15,30.0,positivo
4,bien me ha encantado,15,30.0,positivo
4,y es perfecta para,15,30.0,positivo
4,muy contentos con la,44,29.333333333333332,positivo
4,muy bien buena calidad,44,29.333333333333332,positivo
4,de momento estoy muy,29,29.0,positivo
4,volvería a comprar sin,87,29.0,positivo
4,y buena relación calidad,28,28.0,positivo
4,buena calidad a buen,28,28.0,positivo
4,contenta con mi compra,28,28.0,positivo
4,estamos muy contentos con,41,27.333333333333332,positivo
4,lo que necesitaba para,41,27.333333333333332,positivo
4,y muy buen precio,41,27.333333333333332,positivo
4,regalo y le encantó,41,27.333333333333332,positivo
4,y muy bien embalado,27,27.0,positivo
4,ha sido todo un,27,27.0,positivo
4,j j j j,27,27.0,positivo
4,recomiendo a todo el,27,27.0,positivo
4,a comprar sin duda,67,26.8,positivo
4,perfecto para lo que,53,26.5,positivo
4,buena calidad y fácil,26,26.0,positivo
4,cumplen su función perfectamente,26,26.0,positivo
4,todo muy bien y,26,26.0,positivo
4,a comprar sin dudarlo,26,26.0,positivo
4,sigue como el primer,26,26.0,positivo
4,y fácil de colocar,26,26.0,positivo
4,mucho mejor de lo,39,26.0,positivo
4,el mundo de la,26,26.0,positivo
4,buena calidad y buen,77,25.666666666666668,positivo
4,el tamaño perfecto para,38,25.333333333333332,positivo
4,buena calidad lo recomiendo,25,25.0,positivo
4,y va de maravilla,25,25.0,positivo
4,muy bien para lo,37,24.666666666666668,positivo
4,cumple con todo lo,37,24.666666666666668,positivo
4,buena calidad y precio,37,24.666666666666668,positivo
4,muy buen precio y,49,24.5,positivo
4,me ha encantado la,49,24.5,positivo
4,muy buena relación calidad,231,24.31578947368421,positivo
4,todo en perfecto estado,36,24.0,positivo
4,una muy buena compra,48,24.0,positivo
4,pongo las estrellas porque,24,24.0,positivo
4,el mejor que he,24,24.0,positivo
4,perfecto me ha gustado,24,24.0,positivo
4,y son muy cómodos,24,24.0,positivo
4,de momento muy bien,47,23.5,positivo
4,muy buena relacion calidad,35,23.333333333333332,positivo
4,muy contenta con mi,23,23.0,positivo
4,y muy fácil de,80,22.857142857142858,positivo
4,por ponerle una pega,57,22.8,positivo
4,me ha dado ningún,45,22.5,positivo
4,producto de muy buena,45,22.5,positivo
4,muy buena calidad precio,89,22.25,positivo
4,y cómodo de usar,22,22.0,positivo
4,bien a mi hijo,22,22.0,positivo
4,con la compra a,22,22.0,positivo
4,con la compra es,99,22.0,positivo
4,con la compra son,22,22.0,positivo
4,de las mejores compras,22,22.0,positivo
4,justo lo que esperaba,107,21.4,positivo
4,momento va muy bien,32,21.333333333333332,positivo
4,práctico y fácil de,32,21.333333333333332,positivo
4,cumple perfectamente su función,117,21.272727272727273,positivo
4,muy contenta con la,326,21.032258064516128,positivo
4,se nota la calidad,21,21.0,positivo
4,buena calidad por el,21,21.0,positivo
4,mejor de lo esperado,62,20.666666666666668,positivo
4,de momento muy contento,31,20.666666666666668,positivo
4,compra me ha gustado,30,20.0,positivo
4,y fácil de llevar,20,20.0,positivo
4,por un precio muy,20,20.0,positivo
4,muy bien es tal,20,20.0,positivo
4,y como se esperaba,20,20.0,positivo
4,hija está encantada con,20,20.0,positivo
4,no le pongo cinco,20,20.0,positivo
4,calidad y fácil de,20,20.0,positivo
4,antes de lo indicado,20,20.0,positivo
4,me ha sorprendido el,20,20.0,positivo
4,con la compra en,20,20.0,positivo
4,producto relación calidad precio,20,20.0,positivo
4,bien calidad precio muy,20,20.0,positivo
4,y es justo lo,20,20.0,positivo
4,de momento va muy,30,20.0,positivo
4,calidad precio muy recomendable,20,20.0,positivo
4,y funciona a la,49,19.6,positivo
4,y va muy bien,87,19.333333333333332,positivo
4,de usar y de,29,19.333333333333332,positivo
4,mi hijo está encantado,48,19.2,positivo
4,muy contento con la,333,19.02857142857143,positivo
4,en el mundo de,38,19.0,positivo
4,un precio más que,19,19.0,positivo
4,a mi peque le,19,19.0,positivo
4,mi hija esta encantada,19,19.0,positivo
4,lo recomiendo a todo,19,19.0,positivo
4,volveré a comprar cuando,19,19.0,positivo
4,perfecto muy buena calidad,19,19.0,positivo
4,y estoy muy contenta,47,18.8,positivo
4,encantada con el producto,28,18.666666666666668,positivo
4,calidad precio muy buena,174,18.31578947368421,positivo
4,a tiempo y es,18,18.0,positivo
4,la foto buena calidad,18,18.0,positivo
4,no he tenido ningun,18,18.0,positivo
4,le han gustado mucho,18,18.0,positivo
4,precio es muy buena,54,18.0,positivo
4,buena calidad precio la,18,18.0,positivo
4,un poco pero es,18,18.0,positivo
4,le pongo cinco estrellas,18,18.0,positivo
4,engancha desde el principio,18,18.0,positivo
4,buen precio y calidad,27,18.0,positivo
4,un montón de cosas,18,18.0,positivo
4,muy cómodo y práctico,18,18.0,positivo
4,perfectamente a la descripción,18,18.0,positivo
4,con la compra todo,18,18.0,positivo
4,muy fácil de configurar,18,18.0,positivo
4,muy práctico y fácil,18,18.0,positivo
4,es muy fácil y,18,18.0,positivo
4,para los amantes de,35,17.5,positivo
4,muy bien muy buena,26,17.333333333333332,positivo
4,momento funciona muy bien,26,17.333333333333332,positivo
4,satisfecho con la compra,190,17.272727272727273,positivo
4,no le pongo las,60,17.142857142857142,positivo
4,estoy muy satisfecho con,60,17.142857142857142,positivo
4,funciona a las mil,17,17.0,positivo
4,buena compra por el,17,17.0,positivo
4,persona que se lo,17,17.0,positivo
4,un buen regalo para,17,17.0,positivo
4,pero están muy bien,17,17.0,positivo
4,ha sorprendido la calidad,17,17.0,positivo
4,ha encantado el producto,17,17.0,positivo
4,genial por el precio,17,17.0,positivo
4,momento muy contento con,17,17.0,positivo
4,y viene con una,17,17.0,positivo
4,volveré a comprar sin,17,17.0,positivo
4,y cumple perfectamente con,17,17.0,positivo
4,un tacto muy suave,17,17.0,positivo
4,muy suave y agradable,17,17.0,positivo
4,me ha llegado antes,17,17.0,positivo
4,ha dado ningún problema,50,16.666666666666668,positivo
4,ha llegado en perfecto,50,16.666666666666668,positivo
4,un muy buen producto,25,16.666666666666668,positivo
4,y funciona de maravilla,25,16.666666666666668,positivo
4,perfectamente y es muy,25,16.666666666666668,positivo
4,a la perfección es,33,16.5,positivo
4,y es muy cómoda,41,16.4,positivo
4,le doy cinco estrellas,41,16.4,positivo
4,estoy muy contenta con,220,16.296296296296298,positivo
4,me va muy bien,57,16.285714285714285,positivo
4,y funciona muy bien,122,16.266666666666666,positivo
4,buena calidad precio es,16,16.0,positivo
4,es un gran producto,16,16.0,positivo
4,es el mejor que,16,16.0,positivo
4,pero merece la pena,64,16.0,positivo
4,en todos los aspectos,32,16.0,positivo
4,cumple con todas las,32,16.0,positivo
4,y queda muy bonito,16,16.0,positivo
4,mucho más barato que,16,16.0,positivo
4,me ha encantado el,64,16.0,positivo
4,a buen precio lo,16,16.0,positivo
4,un precio muy asequible,24,16.0,positivo
4,se adaptan perfectamente a,24,16.0,positivo
4,muy bonita y práctica,16,16.0,positivo
4,tiempo y en perfectas,16,16.0,positivo
4,bien justo lo que,16,16.0,positivo
4,años le ha gustado,16,16.0,positivo
4,pero funciona muy bien,16,16.0,positivo
4,muy contento con esta,32,16.0,positivo
4,que se adapta perfectamente,16,16.0,positivo
4,no me ha decepcionado,24,16.0,positivo
4,fácil de usar para,16,16.0,positivo
4,un tamaño perfecto para,16,16.0,positivo
4,perfecto para un niño,16,16.0,positivo
4,a la perfección al,16,16.0,positivo
4,una buena compra es,16,16.0,positivo
4,muy buena compra es,16,16.0,positivo
4,son muy cómodos de,16,16.0,positivo
4,muy buena compra la,16,16.0,positivo
4,muy buen precio lo,16,16.0,positivo
4,y es muy resistente,16,16.0,positivo
4,muy buen producto y,47,15.666666666666666,positivo
4,a un precio muy,109,15.571428571428571,positivo
4,es justo lo que,208,15.407407407407407,positivo
4,me ha gustado todo,77,15.4,positivo
4,está muy bien muy,23,15.333333333333334,positivo
4,es lo mejor que,23,15.333333333333334,positivo
4,como el primer dia,23,15.333333333333334,positivo
4,y a buen precio,84,15.272727272727273,positivo
4,por ponerle un pero,38,15.2,positivo
4,contenta con la compra,501,15.181818181818182,positivo
4,calidad precio es de,15,15.0,positivo
4,que tiene está genial,15,15.0,positivo
4,descrito en el anuncio,15,15.0,positivo
4,muy contento con él,15,15.0,positivo
4,muy cómoda y práctica,15,15.0,positivo
4,con la compra cumple,30,15.0,positivo
4,fáciles de montar y,15,15.0,positivo
4,calidad precio cumple con,15,15.0,positivo
4,muy bien es fácil,15,15.0,positivo
4,lo recomiendo calidad precio,15,15.0,positivo
4,cumple a la perfección,60,15.0,positivo
4,pesa un poco pero,15,15.0,positivo
4,funciona muy bien me,15,15.0,positivo
4,funda de buena calidad,15,15.0,positivo
4,perfecto para el uso,15,15.0,positivo
4,por ahora todo bien,15,15.0,positivo
4,y con un precio,15,15.0,positivo
4,entrega antes de lo,15,15.0,positivo
4,muy buen producto a,15,15.0,positivo
4,envío rápido y en,15,15.0,positivo
4,se puede colocar en,15,15.0,positivo
4,como anillo al dedo,15,15.0,positivo
4,me ha encantado y,30,15.0,positivo
4,buen precio lo recomiendo,15,15.0,positivo
4,en general muy bien,37,14.8,positivo
4,y me ha gustado,37,14.8,positivo
4,un precio muy bueno,37,14.8,positivo
4,a un precio inmejorable,22,14.666666666666666,positivo
4,con la compra me,66,14.666666666666666,positivo
4,buena calidad fácil de,22,14.666666666666666,positivo
4,de momento funciona muy,22,14.666666666666666,positivo
4,y es perfecto para,22,14.666666666666666,positivo
4,ha llegado muy bien,22,14.666666666666666,positivo
4,mi hija está encantada,51,14.571428571428571,positivo
4,con la compra lo,80,14.545454545454545,positivo
4,llegado en perfecto estado,58,14.5,positivo
4,de usar y muy,29,14.5,positivo
4,va muy bien lo,36,14.4,positivo
4,contento con la compra,510,14.366197183098592,positivo
4,buen producto calidad precio,57,14.25,positivo
4,uno de los mejores,57,14.25,positivo
4,como se describe en,42,14.0,positivo
4,y en la fecha,21,14.0,positivo
4,es muy cómoda de,21,14.0,positivo
4,calidad precio buen producto,21,14.0,positivo
4,fácil de leer y,21,14.0,positivo
4,muy bien y cumple,21,14.0,positivo
4,no le doy cinco,35,14.0,positivo
4,es mejor de lo,35,14.0,positivo
4,estamos contentos con la,21,14.0,positivo
4,muy bien relación calidad,21,14.0,positivo
4,con la compra se,28,14.0,positivo
4,de las mejores que,21,14.0,positivo
4,y a un buen,21,14.0,positivo
4,muy buena calidad me,21,14.0,positivo
4,por poner un pero,55,13.75,positivo
4,muy bien calidad precio,82,13.666666666666666,positivo
4,relación calidad precio lo,68,13.6,positivo
4,calidad a un precio,34,13.6,positivo
4,y en perfectas condiciones,95,13.571428571428571,positivo
4,tal como se describe,61,13.555555555555555,positivo
4,por ponerle alguna pega,27,13.5,positivo
4,fácil de instalar y,161,13.416666666666666,positivo
4,estoy muy contento con,174,13.384615384615385,positivo
4,funcionan muy bien y,20,13.333333333333334,positivo
4,muy bien me ha,40,13.333333333333334,positivo
4,como un guante y,20,13.333333333333334,positivo
4,muy bien tal y,20,13.333333333333334,positivo
4,como todo lo de,20,13.333333333333334,positivo
4,con buena relación calidad,20,13.333333333333334,positivo
4,un regalo y le,93,13.285714285714286,positivo
4,lo mejor que he,53,13.25,positivo
4,a un precio razonable,33,13.2,positivo
4,relación calidad precio buena,98,13.066666666666666,positivo
4,por poner una pega,65,13.0,positivo
4,facil de montar y,39,13.0,positivo
4,relación calidad precio cumple,26,13.0,positivo
4,es un muy buen,26,13.0,positivo
4,llego en perfectas condiciones,26,13.0,positivo
4,de principio a fin,26,13.0,positivo
4,buena calidad me ha,26,13.0,positivo
4,fácil de usar y,180,12.857142857142858,positivo
4,más barato que en,45,12.857142857142858,positivo
4,funciona a la perfección,180,12.857142857142858,positivo
4,hijo le ha encantado,45,12.857142857142858,positivo
4,funciona muy bien lo,32,12.8,positivo
4,no ocupa mucho espacio,32,12.8,positivo
4,hija le ha encantado,70,12.727272727272727,positivo
4,y a un precio,108,12.705882352941176,positivo
4,el tiempo previsto y,19,12.666666666666666,positivo
4,y va de lujo,19,12.666666666666666,positivo
4,buena calidad buen producto,19,12.666666666666666,positivo
4,que tiene lo recomiendo,19,12.666666666666666,positivo
4,era justo lo que,38,12.666666666666666,positivo
4,está como el primer,19,12.666666666666666,positivo
4,y encaja perfectamente en,19,12.666666666666666,positivo
4,de momento todo correcto,19,12.666666666666666,positivo
4,me ha sorprendido mucho,19,12.666666666666666,positivo
4,la batería dura muchísimo,19,12.666666666666666,positivo
4,relación calidad precio perfecto,19,12.666666666666666,positivo
4,muy bien a mi,44,12.571428571428571,positivo
4,lo que esperaba buena,25,12.5,positivo
4,es muy elegante y,25,12.5,positivo
4,relacion calidad precio muy,25,12.5,positivo
4,muy contento con el,155,12.4,positivo
4,buen producto a buen,37,12.333333333333334,positivo
4,cumple perfectamente su cometido,37,12.333333333333334,positivo
4,función a la perfección,73,12.166666666666666,positivo
4,cumple perfectamente con su,79,12.153846153846153,positivo
4,a las mil maravillas,30,12.0,positivo
4,es muy rápido y,18,12.0,positivo
4,el material es resistente,18,12.0,positivo
4,con la compra realizada,18,12.0,positivo
4,y tiene un tamaño,18,12.0,positivo
4,precio me ha gustado,30,12.0,positivo
4,por poner alguna pega,36,12.0,positivo
4,de lo esperado muy,24,12.0,positivo
4,le quito una estrella,30,12.0,positivo
4,es tal cual lo,30,12.0,positivo
4,muy contenta con el,150,12.0,positivo
4,que me ha sorprendido,42,12.0,positivo
4,y de momento muy,18,12.0,positivo
4,calidad precio muy bueno,48,12.0,positivo
4,y es muy bonita,24,12.0,positivo
4,de buena calidad muy,60,12.0,positivo
4,justo lo que quería,54,12.0,positivo
4,un poco grandes pero,18,12.0,positivo
4,a la perfección lo,18,12.0,positivo
4,me ha sorprendido lo,24,12.0,positivo
4,un producto muy bueno,24,12.0,positivo
4,a mi marido le,18,12.0,positivo
4,a buen precio es,18,12.0,positivo
4,queda muy bonito y,18,12.0,positivo
4,funciona perfectamente y es,30,12.0,positivo
4,un tacto muy agradable,24,12.0,positivo
4,muy contentos con el,18,12.0,positivo
4,y ha gustado mucho,18,12.0,positivo
4,lo que buscaba para,41,11.714285714285714,positivo
4,buena calidad del producto,35,11.666666666666666,positivo
4,pero esta muy bien,35,11.666666666666666,positivo
4,pero está muy bien,35,11.666666666666666,positivo
4,muy fácil de limpiar,35,11.666666666666666,positivo
4,tal cual la descripción,35,11.666666666666666,positivo
4,ha gustado mucho y,64,11.636363636363637,positivo
4,tiene el tamaño perfecto,29,11.6,positivo
4,muy satisfecha con el,29,11.6,positivo
4,a muy buen precio,127,11.545454545454545,positivo
4,calidad precio muy bien,98,11.529411764705882,positivo
4,lo que estaba buscando,115,11.5,positivo
4,muy cómoda de llevar,23,11.5,positivo
4,de buen material y,23,11.5,positivo
4,muy contento con este,23,11.5,positivo
4,muy bien me gusta,23,11.5,positivo
4,le ha encantado el,23,11.5,positivo
4,perfecto estado y en,23,11.5,positivo
4,muy buena calidad a,23,11.5,positivo
4,en perfecto estado el,40,11.428571428571429,positivo
4,no le pongo estrellas,114,11.4,positivo
4,muy bien es muy,57,11.4,positivo
4,y es muy cómodo,57,11.4,positivo
4,relación calidad precio muy,182,11.375,positivo
4,lo utilizo para el,17,11.333333333333334,positivo
4,muy bien y muy,34,11.333333333333334,positivo
4,es lo que queria,17,11.333333333333334,positivo
4,el producto se adapta,17,11.333333333333334,positivo
4,bien no le pongo,17,11.333333333333334,positivo
4,un precio muy competitivo,34,11.333333333333334,positivo
4,y me va muy,17,11.333333333333334,positivo
4,y estoy contento con,17,11.333333333333334,positivo
4,he echado de menos,17,11.333333333333334,positivo
4,para llevarlo de viaje,17,11.333333333333334,positivo
4,incluso antes de lo,17,11.333333333333334,positivo
4,una compra muy recomendable,17,11.333333333333334,positivo
4,son muy buenas y,17,11.333333333333334,positivo
4,muy rápida la entrega,17,11.333333333333334,positivo
4,muy buen producto para,17,11.333333333333334,positivo
4,le pongo las estrellas,45,11.25,positivo
4,muy contento con ella,28,11.2,positivo
4,viene con una funda,28,11.2,positivo
4,y como sale en,28,11.2,positivo
4,de años le encanta,28,11.2,positivo
4,contenta con el resultado,28,11.2,positivo
4,muy fácil de montar,123,11.181818181818182,positivo
4,con la compra y,94,11.058823529411764,positivo
4,su función a la,77,11.0,positivo
4,la persona que se,22,11.0,positivo
4,funciona a la perfeccion,22,11.0,positivo
4,relación calidad precio para,22,11.0,positivo
4,se adapta perfectamente a,110,11.0,positivo
4,lo que andaba buscando,22,11.0,positivo
4,un poco caro pero,44,11.0,positivo
4,muy buena calidad muy,33,11.0,positivo
4,contento con esta compra,22,11.0,positivo
4,y en perfecto estado,170,10.96774193548387,positivo
4,muy satisfecha con la,71,10.923076923076923,positivo
4,facil de usar y,38,10.857142857142858,positivo
4,tal cual se describe,38,10.857142857142858,positivo
4,una pega es que,27,10.8,positivo
4,producto tal y como,48,10.666666666666666,positivo
4,da un toque de,16,10.666666666666666,positivo
4,pero aún así es,16,10.666666666666666,positivo
4,es una gran compra,16,10.666666666666666,positivo
4,yo las uso para,16,10.666666666666666,positivo
4,de buena calidad buen,16,10.666666666666666,positivo
4,y le gusto mucho,16,10.666666666666666,positivo
4,muy bien lo compré,16,10.666666666666666,positivo
4,rápido y sin problemas,32,10.666666666666666,positivo
4,le doy estrellas es,16,10.666666666666666,positivo
4,es muy buena muy,16,10.666666666666666,positivo
4,me ha sorprendido es,16,10.666666666666666,positivo
4,la única pega el,16,10.666666666666666,positivo
4,me van muy bien,16,10.666666666666666,positivo
4,buena calidad y de,16,10.666666666666666,positivo
4,buena calidad lo he,16,10.666666666666666,positivo
4,cumple muy bien con,16,10.666666666666666,positivo
4,y de momento estoy,16,10.666666666666666,positivo
4,me ha gustado muchísimo,16,10.666666666666666,positivo
4,con la compra aunque,16,10.666666666666666,positivo
4,muy cómodo de llevar,16,10.666666666666666,positivo
4,cosa que se agradece,16,10.666666666666666,positivo
4,buena calidad de los,16,10.666666666666666,positivo
4,buena calidad para el,37,10.571428571428571,positivo
4,muy bien embalado y,37,10.571428571428571,positivo
4,producto a buen precio,42,10.5,positivo
4,en la foto buena,21,10.5,positivo
4,y fácil de utilizar,21,10.5,positivo
4,me ha sorprendido la,42,10.5,positivo
4,de buena calidad por,21,10.5,positivo
4,las cinco estrellas porque,21,10.5,positivo
4,buen producto para el,21,10.5,positivo
4,llegaron antes de lo,21,10.5,positivo
4,buena relación calidad precio,996,10.48421052631579,positivo
4,tal y como esperaba,89,10.470588235294118,positivo
4,relación calidad precio y,68,10.461538461538462,positivo
4,perfectamente con lo que,26,10.4,positivo
4,un poco de paciencia,26,10.4,positivo
4,describe en el anuncio,26,10.4,positivo
4,muy facil de montar,26,10.4,positivo
4,funciona muy bien es,31,10.333333333333334,positivo
4,muy cómodo de usar,31,10.333333333333334,positivo
4,mejor de lo que,201,10.307692307692308,positivo
4,calidad precio es muy,82,10.25,positivo
4,muy fácil de colocar,41,10.25,positivo
4,cómodo y fácil de,41,10.25,positivo
4,es muy cómoda y,51,10.2,positivo
4,el único pero que,61,10.166666666666666,positivo
4,fácil de montar y,177,10.114285714285714,positivo
4,muy fácil de usar,136,10.074074074074074,positivo
4,precio es una buena,15,10.0,positivo
4,son muy cómodas y,35,10.0,positivo
4,una buena compra y,20,10.0,positivo
4,producto en perfecto estado,20,10.0,positivo
4,viene muy bien para,30,10.0,positivo
4,y le gustó mucho,40,10.0,positivo
4,más rápido de lo,20,10.0,positivo
4,tal cual viene en,15,10.0,positivo
4,y tiene un diseño,15,10.0,positivo
4,de momento todo bien,35,10.0,positivo
4,su función perfectamente y,15,10.0,positivo
4,me parece muy buena,30,10.0,positivo
4,no están nada mal,15,10.0,positivo
4,se pega muy bien,25,10.0,positivo
4,el resultado es muy,20,10.0,positivo
4,muy rápido y es,15,10.0,positivo
4,se puede lavar en,20,10.0,positivo
4,le va muy bien,15,10.0,positivo
4,a la perfección buena,15,10.0,positivo
4,la compra de momento,15,10.0,positivo
4,lo uso para el,15,10.0,positivo
4,robusto y de buena,15,10.0,positivo
4,y es ideal para,15,10.0,positivo
4,con su función perfectamente,15,10.0,positivo
4,y cumple muy bien,15,10.0,positivo
4,y aguanta muy bien,20,10.0,positivo
4,muy bien con su,15,10.0,positivo
4,y como lo esperaba,25,10.0,positivo
4,cumple todas las expectativas,25,10.0,positivo
4,van muy bien y,20,10.0,positivo
4,adapta a la perfección,30,10.0,positivo
4,calidad y es muy,15,10.0,positivo
4,materiales de buena calidad,15,10.0,positivo
4,por su calidad y,15,10.0,positivo
4,muy contenta con este,15,10.0,positivo
4,y de gran calidad,20,10.0,positivo
4,y muy bien de,20,10.0,positivo
5,pongo una estrella por que,10,inf,negativo
5,una estrella por que no,11,inf,negativo
5,tenía que llegar el de,11,inf,negativo
5,no vale para nada el,22,inf,negativo
5,no hay forma de contactar,12,inf,negativo
5,hay forma de contactar con,10,inf,negativo
5,aún no lo he recibido,87,inf,negativo
5,ha pasado el periodo de,15,inf,negativo
5,pasado el periodo de devolución,15,inf,negativo
5,y el vendedor no contesta,17,inf,negativo
5,no he recibido mi pedido,17,inf,negativo
5,no vale la pena no,22,inf,negativo
5,producto no sirve para nada,12,inf,negativo
5,de muy mala calidad no,60,inf,negativo
5,a ver si me lo,13,inf,negativo
5,y no lo he recibido,37,inf,negativo
5,lo he tirado a la,10,inf,negativo
5,he tirado a la basura,26,inf,negativo
5,lo peor que he comprado,24,inf,negativo
5,peor que he comprado en,12,inf,negativo
5,menos de un mes no,15,inf,negativo
5,es para nada lo que,18,inf,negativo
5,no lo aconsejo para nada,12,inf,negativo
5,no recomiendo para nada este,14,inf,negativo
5,recomiendo para nada este producto,11,inf,negativo
5,no me ha llegado ni,19,inf,negativo
5,y no sirve para nada,14,inf,negativo
5,después de un mes esperando,18,inf,negativo
5,el pedido no ha llegado,22,inf,negativo
5,no ha llegado después de,10,inf,negativo
5,ha llegado el pedido y,14,inf,negativo
5,no volveré a comprar nada,23,inf,negativo
5,muy descontenta con el producto,14,inf,negativo
5,no recomiendo su compra en,10,inf,negativo
5,no los recomiendo para nada,21,inf,negativo
5,esto no es lo que,12,inf,negativo
5,no es lo que pedí,18,inf,negativo
5,no lo recomiendo no me,35,inf,negativo
5,lo recomiendo no me ha,13,inf,negativo
5,mes ha dejado de funcionar,11,inf,negativo
5,ha roto en menos de,14,inf,negativo
5,y ya no me funciona,10,inf,negativo
5,poco más y comprar algo,14,inf,negativo
5,ya no lo puedo devolver,16,inf,negativo
5,todavia no me ha llegado,26,inf,negativo
5,de funcionar no lo recomiendo,14,inf,negativo
5,y no he recibido nada,12,inf,negativo
5,es tirar el dinero no,29,inf,negativo
5,el dinero no lo recomiendo,13,inf,negativo
5,no lo recomiendo no se,20,inf,negativo
5,no volveré a comprar esta,16,inf,negativo
5,no me ha llegado no,46,inf,negativo
5,y no cubre la pantalla,11,inf,negativo
5,me lo han cobrado y,12,inf,negativo
5,es la peor compra que,12,inf,negativo
5,la peor compra que he,36,inf,negativo
5,peor compra que he hecho,27,inf,negativo
5,lo recomiendo para nada no,37,inf,negativo
5,de uso ha dejado de,17,inf,negativo
5,la devolución del dinero no,14,inf,negativo
5,una estrella porque no se,22,inf,negativo
5,estrella porque no se puede,13,inf,negativo
5,me ha gustado nada porque,11,inf,negativo
5,han devuelto el dinero ni,12,inf,negativo
5,no lo he recibido aún,27,inf,negativo
5,no recomiendo su compra no,24,inf,negativo
5,y el vendedor no me,20,inf,negativo
5,le pongo una estrella por,15,inf,negativo
5,la a a la z,10,inf,negativo
5,tirados a la basura no,10,inf,negativo
5,a la basura no me,10,inf,negativo
5,no vale la pena comprarlo,12,inf,negativo
5,no me a llegado y,16,inf,negativo
5,tendría que haber llegado el,10,inf,negativo
5,el producto no ha llegado,61,inf,negativo
5,no volveré a comprar más,11,inf,negativo
5,no lo he recibido me,21,inf,negativo
5,y me lo han cobrado,10,inf,negativo
5,he tenido que devolver ya,10,inf,negativo
5,tenido que devolver ya que,10,inf,negativo
5,no me han entregado el,11,inf,negativo
5,le doy una estrella por,24,inf,negativo
5,que pagar los gastos de,13,inf,negativo
5,de un mes y medio,24,inf,negativo
5,muy mala calidad no lo,16,inf,negativo
5,mala calidad no lo recomiendo,24,inf,negativo
5,no he recibido el artículo,24,inf,negativo
5,de un mes de espera,20,inf,negativo
5,han cambiado la fecha de,10,inf,negativo
5,cambiado la fecha de entrega,12,inf,negativo
5,euros tirados a la basura,20,inf,negativo
5,a la basura no lo,21,inf,negativo
5,no me ha llegado nunca,12,inf,negativo
5,muy decepcionado con la compra,12,inf,negativo
5,pedido no me ha llegado,13,inf,negativo
5,ni siquiera me ha llegado,11,inf,negativo
5,después de mes y medio,23,inf,negativo
5,que ver con el que,12,inf,negativo
5,volveré a comprar nada de,13,inf,negativo
5,a comprar nada a este,10,inf,negativo
5,no me a llegado el,41,inf,negativo
5,me a llegado el producto,22,inf,negativo
5,tirado a la basura no,25,inf,negativo
5,meses de uso y ya,13,inf,negativo
5,y me dijeron que me,12,inf,negativo
5,he recibido el producto no,13,inf,negativo
5,no lo recomiendo muy mala,10,inf,negativo
5,al principio funcionaba bien pero,13,inf,negativo
5,no me ha llegado se,11,inf,negativo
5,lo recomiendo para nada el,21,inf,negativo
5,nada no me ha gustado,21,inf,negativo
5,a la semana de uso,26,inf,negativo
5,de funcionar al poco tiempo,11,inf,negativo
5,para nada no me ha,19,inf,negativo
5,no lo e recibido y,14,inf,negativo
5,y el vendedor no se,18,inf,negativo
5,a veces lo barato sale,11,inf,negativo
5,veces lo barato sale caro,10,inf,negativo
5,la fecha de entrega era,18,inf,negativo
5,fecha de entrega era el,10,inf,negativo
5,pongo una estrella porque no,35,inf,negativo
5,una estrella porque no me,22,inf,negativo
5,estrella porque no me deja,21,inf,negativo
5,estoy muy descontento con el,10,inf,negativo
5,muy descontento con el producto,12,inf,negativo
5,y no me devolvieron el,10,inf,negativo
5,no me devolvieron el dinero,11,inf,negativo
5,de entrega era el de,13,inf,negativo
5,durado menos de un mes,15,inf,negativo
5,cual fue mi sorpresa que,11,inf,negativo
5,aún no ha llegado el,10,inf,negativo
5,no ha llegado el pedido,16,inf,negativo
5,lo pedí hace más de,11,inf,negativo
5,todavia no lo he recibido,22,inf,negativo
5,no lo recomiendo mala calidad,11,inf,negativo
5,una estrella porque no puedo,20,inf,negativo
5,una estafa en toda regla,17,inf,negativo
5,el vendedor no se hace,17,inf,negativo
5,vendedor no se hace cargo,10,inf,negativo
5,para nada no lo recomiendo,12,inf,negativo
5,si he tenido mala suerte,11,inf,negativo
5,ha sido tirar el dinero,26,inf,negativo
5,lo recomiendo a nadie es,10,inf,negativo
5,no se adhiere bien a,11,inf,negativo
5,adhiere bien a la pantalla,10,inf,negativo
5,a los meses dejó de,10,inf,negativo
5,no las recomiendo para nada,21,inf,negativo
5,no ha durado ni meses,16,inf,negativo
5,producto no lo he recibido,10,inf,negativo
5,no recomiendo su compra para,11,inf,negativo
5,recomiendo su compra para nada,11,inf,negativo
5,ni me han devuelto el,20,inf,negativo
5,lo recomiendo para nada es,19,inf,negativo
5,poco mas de un mes,17,inf,negativo
5,es una tomadura de pelo,21,inf,negativo
5,a saber no lo compro,10,inf,negativo
5,nada dinero tirado a la,12,inf,negativo
5,no me ha llegado es,10,inf,negativo
5,no vale la pena la,10,inf,negativo
5,un timo en toda regla,15,inf,negativo
5,he recibido el pedido y,15,inf,negativo
5,vendedor y no me contesta,10,inf,negativo
5,no he recibido el reembolso,17,inf,negativo
5,y el vendedor no responde,16,inf,negativo
5,no sirve para nada la,18,inf,negativo
5,que no lo he recibido,17,inf,negativo
5,el producto y no me,19,inf,negativo
5,doy una estrella porque no,28,inf,negativo
5,no recomiendo su compra el,15,inf,negativo
5,creo que lo voy a,11,inf,negativo
5,que lo voy a devolver,15,inf,negativo
5,tirar el dinero a la,14,inf,negativo
5,me ha llegado y no,24,inf,negativo
5,el producto no lo recomiendo,13,inf,negativo
5,no ha pasado ni un,15,inf,negativo
5,un mes no lo recomiendo,11,inf,negativo
5,veces y ya no funciona,12,inf,negativo
5,no funciona ninguno de los,11,inf,negativo
5,que me devolvieran el dinero,17,inf,negativo
5,que me devuelvan mi dinero,14,inf,negativo
5,lo recomiendo en absoluto es,10,inf,negativo
5,no lo recomiendo no lo,22,inf,negativo
5,el día de diciembre y,10,inf,negativo
5,el pedido no me ha,13,inf,negativo
5,me ha llegado no puedo,10,inf,negativo
5,lo he devuelto y no,10,inf,negativo
5,un dinero tirado a la,10,inf,negativo
5,nada no me ha llegado,11,inf,negativo
5,no es compatible con la,18,inf,negativo
5,vale para nada no lo,11,inf,negativo
5,no recomiendo para nada su,16,inf,negativo
5,recomiendo para nada su compra,16,inf,negativo
5,ha dejado de funcionar me,10,inf,negativo
5,y ya no funciona la,10,inf,negativo
5,el producto no puedo opinar,10,inf,negativo
5,fecha de entrega y no,15,inf,negativo
5,el estado de la caja,10,inf,negativo
5,y no me han devuelto,24,inf,negativo
5,yo no lo he recibido,10,inf,negativo
5,aún estoy esperando que me,10,inf,negativo
5,no estoy contento con la,14,inf,negativo
5,lo he recibido no puedo,10,inf,negativo
5,ha gustado nada el producto,11,inf,negativo
5,una bolsa de plástico sin,11,inf,negativo
5,le doy una estrella porque,44,inf,negativo
5,no he recibido nada y,12,inf,negativo
5,no merece la pena para,12,inf,negativo
5,no merece la pena me,10,inf,negativo
5,muy mala calidad no me,12,inf,negativo
5,me devuelvan el dinero no,10,inf,negativo
5,no lo he recibido el,26,inf,negativo
5,no tapa toda la pantalla,10,inf,negativo
5,ha pasado el plazo de,16,inf,negativo
5,de las peores compras que,11,inf,negativo
5,las peores compras que he,10,inf,negativo
5,no me a llegado nada,11,inf,negativo
5,hace mas de un mes,10,inf,negativo
5,no me ha llegado aun,27,inf,negativo
5,ha durado ni un año,23,inf,negativo
5,quiero que me devuelvan el,18,inf,negativo
5,aun no me a llegado,13,inf,negativo
5,y no me devuelven el,10,inf,negativo
5,no me devuelven el dinero,20,inf,negativo
5,no me sirven para nada,10,inf,negativo
5,se ponga en contacto conmigo,14,inf,negativo
5,que me den una solución,15,inf,negativo
5,he escrito al vendedor y,10,inf,negativo
5,el vendedor no responde a,23,inf,negativo
5,este producto no me ha,22,inf,negativo
5,no estoy nada contento con,10,inf,negativo
5,vendedor no responde a los,11,inf,negativo
5,no responde a los mensajes,12,inf,negativo
5,uso ha dejado de funcionar,15,inf,negativo
5,tuve que pedir el reembolso,10,inf,negativo
5,se me ha pasado el,25,inf,negativo
5,me ha pasado el plazo,15,inf,negativo
5,el vendedor no contesta a,17,inf,negativo
5,no vale para nada lo,12,inf,negativo
5,una estrella por poner algo,10,inf,negativo
5,no la recomiendo no me,11,inf,negativo
5,es tirar el dinero el,10,inf,negativo
5,lo recomiendo para nada la,14,inf,negativo
5,muy mala calidad no se,12,inf,negativo
5,lo he devuelto no me,18,inf,negativo
5,en el primer uso no,10,inf,negativo
5,no recomiendo la compra no,10,inf,negativo
5,no he recibido nada no,11,inf,negativo
5,no lo he recibido por,10,inf,negativo
5,no es un buen producto,18,inf,negativo
5,no me ha gustado este,12,inf,negativo
5,no he recibido este pedido,10,inf,negativo
5,pequeño que la pantalla y,13,inf,negativo
5,después de casi dos meses,10,inf,negativo
5,y nunca me había pasado,10,inf,negativo
5,nunca me había pasado esto,11,inf,negativo
5,el vendedor y me dice,12,inf,negativo
5,vendedor y me dice que,15,inf,negativo
5,nunca me llego el producto,12,inf,negativo
5,devuelto no me ha gustado,11,inf,negativo
5,muy descontento con la compra,19,inf,negativo
5,producto de muy mala calidad,24,inf,negativo
5,el producto no corresponde con,10,inf,negativo
5,no me ha llegado lo,16,inf,negativo
5,una pérdida de tiempo y,11,inf,negativo
5,pérdida de tiempo y dinero,11,inf,negativo
5,después de esperar un mes,10,inf,negativo
5,que ver con la imagen,10,inf,negativo
5,muy decepcionado con el producto,15,inf,negativo
5,mala calidad para el precio,13,inf,negativo
5,mas de un mes esperando,13,inf,negativo
5,a que me devuelvan el,11,inf,negativo
5,u u u u u,11,inf,negativo
5,y aun no ha llegado,15,inf,negativo
5,el producto no sirve para,12,inf,negativo
5,dejado de funcionar no se,10,inf,negativo
5,no me ha gustado para,17,inf,negativo
5,me ha gustado para nada,11,inf,negativo
5,he tirado el dinero no,15,inf,negativo
5,un mes de espera no,10,inf,negativo
5,lo hemos tenido que devolver,13,inf,negativo
5,y el táctil no funciona,10,inf,negativo
5,en menos de dos meses,15,inf,negativo
5,no funciona no lo recomiendo,12,inf,negativo
5,lo recomiendo el producto no,10,inf,negativo
5,no hay manera de contactar,12,inf,negativo
5,hay manera de contactar con,10,inf,negativo
5,no lo he recibido he,11,inf,negativo
5,pero la calidad es mala,13,inf,negativo
5,no hace nada de nada,10,inf,negativo
5,no encaja bien en la,15,inf,negativo
5,pero la calidad es pésima,10,inf,negativo
5,si lo sé no lo,10,inf,negativo
5,aún estoy esperando a que,10,inf,negativo
5,y las dos veces me,10,inf,negativo
5,la foto se puede ver,10,inf,negativo
5,mí no me ha funcionado,14,inf,negativo
5,que no sirven para nada,12,inf,negativo
5,he recibido el producto el,14,inf,negativo
5,no la recomiendo no es,14,inf,negativo
5,no da señales de vida,10,inf,negativo
5,he devuelto no me ha,13,inf,negativo
5,me ha durado ni meses,12,inf,negativo
5,de muy mala calidad muy,10,inf,negativo
5,a fecha de hoy no,12,inf,negativo
5,esperando que me devuelvan el,12,inf,negativo
5,no es lo que he,10,inf,negativo
5,pero ha sido una decepción,13,inf,negativo
5,y ya no funciona no,12,inf,negativo
5,que he tirado el dinero,12,inf,negativo
5,por la mala calidad de,11,inf,negativo
5,no me gusta no es,10,inf,negativo
5,volvería a comprar ni lo,10,inf,negativo
5,no lo recomiendo y no,10,inf,negativo
5,primera vez que me ocurre,10,inf,negativo
5,no las volveré a comprar,14,inf,negativo
5,y ya ha dejado de,11,inf,negativo
5,y todavia no me ha,10,inf,negativo
5,no lo he recibido ni,10,inf,negativo
5,para nada lo que esperaba,10,inf,negativo
5,z z z z z,14,inf,negativo
5,he pedido la devolución y,11,inf,negativo
5,d d d d d,11,inf,negativo
5,le pongo dos estrellas porque,20,inf,negativo
5,le pongo dos estrellas por,13,inf,negativo
5,pongo dos estrellas por que,10,inf,negativo
5,le doy dos estrellas por,16,inf,negativo
5,por eso le doy dos,10,inf,negativo
5,eso le doy dos estrellas,10,inf,negativo
5,h h h h h,10,inf,negativo
5,dinero tirado a la basura,114,228.0,negativo
5,no lo recomiendo para nada,271,180.66666666666666,negativo
5,todavía no lo he recibido,76,152.0,negativo
5,no me ha llegado y,117,117.0,negativo
5,no se lo recomiendo a,55,110.0,negativo
5,me ha gustado nada no,55,110.0,negativo
5,se lo recomiendo a nadie,53,106.0,negativo
5,no me sirve para nada,52,104.0,negativo
5,le doy dos estrellas porque,51,102.0,negativo
5,no lo recomiendo a nadie,49,98.0,negativo
5,que me devuelvan el dinero,88,88.0,negativo
5,no ha durado ni un,41,82.0,negativo
5,no lo recomiendo en absoluto,121,80.66666666666667,negativo
5,no ha llegado el producto,40,80.0,negativo
5,no me ha llegado todavía,38,76.0,negativo
5,le pongo una estrella porque,38,76.0,negativo
5,y aún no me ha,37,74.0,negativo
5,ha llegado el producto y,36,72.0,negativo
5,aun no me ha llegado,65,65.0,negativo
5,ha durado ni un mes,32,64.0,negativo
5,no me ha llegado aún,31,62.0,negativo
5,más de un mes esperando,31,62.0,negativo
5,porque no me ha llegado,30,60.0,negativo
5,no la recomiendo para nada,58,58.0,negativo
5,que no vale para nada,28,56.0,negativo
5,y aún no lo he,27,54.0,negativo
5,no lo he recibido no,54,54.0,negativo
5,producto no me ha llegado,54,54.0,negativo
5,me ha durado ni un,27,54.0,negativo
5,no he recibido el pedido,80,53.333333333333336,negativo
5,todavía no he recibido el,26,52.0,negativo
5,no lo he recibido y,50,50.0,negativo
5,no me ha llegado nada,50,50.0,negativo
5,todavía no me ha llegado,75,50.0,negativo
5,aún no he recibido el,49,49.0,negativo
5,no sirve para nada no,72,48.0,negativo
5,al principio muy bien pero,24,48.0,negativo
5,y aún no ha llegado,24,48.0,negativo
5,y aún no he recibido,23,46.0,negativo
5,no me a gustado nada,45,45.0,negativo
5,nunca me llegó el producto,22,44.0,negativo
5,entre el y el de,22,44.0,negativo
5,mas de un mes y,22,44.0,negativo
5,no me llego el producto,22,44.0,negativo
5,me devolvieron el dinero pero,22,44.0,negativo
5,el vendedor y no me,22,44.0,negativo
5,he recibido el producto y,22,44.0,negativo
5,no he recibido el paquete,22,44.0,negativo
5,no cumple con su función,22,44.0,negativo
5,y todavía no ha llegado,22,44.0,negativo
5,ya ha dejado de funcionar,22,44.0,negativo
5,meses ha dejado de funcionar,43,43.0,negativo
5,no he recibido el producto,127,42.333333333333336,negativo
5,no sirve para lo que,21,42.0,negativo
5,de lo peor que he,21,42.0,negativo
5,con el vendedor y no,62,41.333333333333336,negativo
5,no es para nada lo,20,40.0,negativo
5,lo que me ha llegado,20,40.0,negativo
5,el dinero a la basura,20,40.0,negativo
5,no sirve para nada es,20,40.0,negativo
5,y aún no me han,20,40.0,negativo
5,aún no me ha llegado,118,39.333333333333336,negativo
5,no me ha llegado el,250,38.46153846153846,negativo
5,no puedo opinar del producto,19,38.0,negativo
5,que no sirve para nada,38,38.0,negativo
5,y no me ha llegado,56,37.333333333333336,negativo
5,no la recomiendo en absoluto,37,37.0,negativo
5,no sirve para nada lo,18,36.0,negativo
5,me pongo en contacto con,36,36.0,negativo
5,no lo he recibido todavía,18,36.0,negativo
5,me ha gustado porque no,18,36.0,negativo
5,que me devolvieron el dinero,18,36.0,negativo
5,no merece la pena no,35,35.0,negativo
5,me ha gustado nada se,17,34.0,negativo
5,me ha llegado después de,17,34.0,negativo
5,porque no lo he recibido,17,34.0,negativo
5,que haber llegado el de,17,34.0,negativo
5,el producto no cumple con,17,34.0,negativo
5,y no vale para nada,17,34.0,negativo
5,no se corresponde con las,17,34.0,negativo
5,ya se ha roto el,17,34.0,negativo
5,no lo he recibido la,17,34.0,negativo
5,lo volvería a comprar ni,17,34.0,negativo
5,no ha llegado en la,17,34.0,negativo
5,lo he tenido que quitar,33,33.0,negativo
5,me da la opción de,16,32.0,negativo
5,después de un mes y,16,32.0,negativo
5,desde el primer día no,16,32.0,negativo
5,me ha llegado y me,16,32.0,negativo
5,al vendedor y no me,16,32.0,negativo
5,tenía que haber llegado el,16,32.0,negativo
5,que tirar a la basura,16,32.0,negativo
5,me ha durado un mes,16,32.0,negativo
5,lo peor de lo peor,16,32.0,negativo
5,me ha llegado el producto,151,30.2,negativo
5,no sirven para nada no,15,30.0,negativo
5,no lo recomiendo lo compré,15,30.0,negativo
5,nunca me llegó el pedido,15,30.0,negativo
5,no se corresponden con la,15,30.0,negativo
5,por lo que no sirve,15,30.0,negativo
5,y todavía no me ha,15,30.0,negativo
5,no recomiendo la compra de,30,30.0,negativo
5,un mes y ya no,15,30.0,negativo
5,esperando a que me llegue,15,30.0,negativo
5,ha dejado de funcionar correctamente,15,30.0,negativo
5,se ha roto por la,15,30.0,negativo
5,pero no sirve para nada,15,30.0,negativo
5,no lo recomiendo la verdad,15,30.0,negativo
5,es mas pequeño que la,15,30.0,negativo
5,no me ha durado ni,74,29.6,negativo
5,lo único bueno es que,29,29.0,negativo
5,puedo opinar sobre el producto,29,29.0,negativo
5,ver con la foto no,14,28.0,negativo
5,me ha servido de nada,14,28.0,negativo
5,no me ha llegado después,14,28.0,negativo
5,volveré a comprar esta marca,14,28.0,negativo
5,muy caro para la calidad,14,28.0,negativo
5,a los días de uso,14,28.0,negativo
5,de muy baja calidad no,14,28.0,negativo
5,me ha llegado el paquete,28,28.0,negativo
5,no lo vuelvo a comprar,14,28.0,negativo
5,me han enviado un producto,14,28.0,negativo
5,de ninguna de las maneras,14,28.0,negativo
5,para tirar a la basura,14,28.0,negativo
5,lo he devuelto y he,14,28.0,negativo
5,día de hoy aún no,14,28.0,negativo
5,no vuelvo a comprar nada,14,28.0,negativo
5,no me da tiempo a,14,28.0,negativo
5,no ha habido manera de,14,28.0,negativo
5,pero a la semana de,14,28.0,negativo
5,tenido que devolver el producto,14,28.0,negativo
5,no se adhiere a la,14,28.0,negativo
5,no vale para nada no,55,27.5,negativo
5,de muy mala calidad el,27,27.0,negativo
5,no vale para nada se,27,27.0,negativo
5,peor de todo es que,40,26.666666666666668,negativo
5,es de muy mala calidad,130,26.0,negativo
5,las piezas no encajan bien,13,26.0,negativo
5,ha dejado de funcionar sin,13,26.0,negativo
5,el producto ya que no,13,26.0,negativo
5,no lo puedo devolver porque,13,26.0,negativo
5,no volveré a comprar a,26,26.0,negativo
5,no lo recomiendo el producto,39,26.0,negativo
5,llego a saber no lo,13,26.0,negativo
5,de funcionar a los dos,13,26.0,negativo
5,no cumple su función no,13,26.0,negativo
5,se rompe con facilidad no,13,26.0,negativo
5,he intentado ponerme en contacto,13,26.0,negativo
5,yo no he recibido nada,13,26.0,negativo
5,menos me devolvieron el dinero,13,26.0,negativo
5,entre la pantalla y el,13,26.0,negativo
5,a la pantalla del móvil,13,26.0,negativo
5,hace más de una semana,13,26.0,negativo
5,opinar sobre el producto porque,13,26.0,negativo
5,y a fecha de hoy,13,26.0,negativo
5,he solicitado la devolución y,13,26.0,negativo
5,es de mala calidad se,13,26.0,negativo
5,y aun no me ha,13,26.0,negativo
5,los pocos meses de uso,13,26.0,negativo
5,no me han devuelto el,51,25.5,negativo
5,no merece la pena comprarlo,25,25.0,negativo
5,ha dejado de funcionar no,50,25.0,negativo
5,aun no lo he recibido,37,24.666666666666668,negativo
5,llegado el producto y no,12,24.0,negativo
5,no vale la pena el,12,24.0,negativo
5,que he recibido no es,12,24.0,negativo
5,no aguanta nada de peso,12,24.0,negativo
5,no los recomiendo en absoluto,12,24.0,negativo
5,no estoy nada contenta con,12,24.0,negativo
5,me llegó el producto y,12,24.0,negativo
5,perdida de tiempo y dinero,12,24.0,negativo
5,no vale para nada es,24,24.0,negativo
5,mas de un mes de,12,24.0,negativo
5,a la semana de usarlo,12,24.0,negativo
5,me ha gustado nada el,36,24.0,negativo
5,que he tenido mala suerte,12,24.0,negativo
5,se me rompió el primer,12,24.0,negativo
5,no lo he vuelto a,12,24.0,negativo
5,no me ha llegado me,24,24.0,negativo
5,de hoy no he recibido,12,24.0,negativo
5,al poco tiempo de usarlo,12,24.0,negativo
5,he llevado una gran decepción,12,24.0,negativo
5,recomiendo la compra de este,24,24.0,negativo
5,se ha roto a los,12,24.0,negativo
5,y ya se ha estropeado,12,24.0,negativo
5,he recibido el pedido no,12,24.0,negativo
5,se rompió a la semana,12,24.0,negativo
5,y eso que lo he,12,24.0,negativo
5,hacer uso de la garantía,12,24.0,negativo
5,de ponerme en contacto con,12,24.0,negativo
5,me ha gustado nada de,12,24.0,negativo
5,se pega a la pantalla,12,24.0,negativo
5,y no me han contestado,12,24.0,negativo
5,a la semana de tenerlo,12,24.0,negativo
5,mucho más pequeño que la,12,24.0,negativo
5,en la foto se puede,12,24.0,negativo
5,todo el día en casa,12,24.0,negativo
5,que no vale la pena,12,24.0,negativo
5,se va a romper en,12,24.0,negativo
5,la calidad es muy baja,12,24.0,negativo
5,de muy mala calidad se,23,23.0,negativo
5,pongo en contacto con el,23,23.0,negativo
5,no vale para nada la,11,22.0,negativo
5,el vendedor me dice que,22,22.0,negativo
5,de funcionar uno de los,11,22.0,negativo
5,no ha vuelto a funcionar,11,22.0,negativo
5,no puedo valorar el producto,44,22.0,negativo
5,lo voy a devolver no,22,22.0,negativo
5,en nada a la foto,11,22.0,negativo
5,pero lo he tenido que,11,22.0,negativo
5,no lo he recibido se,11,22.0,negativo
5,pero lo peor de todo,11,22.0,negativo
5,no me lo han mandado,11,22.0,negativo
5,producto no es el que,11,22.0,negativo
5,mí no me ha gustado,11,22.0,negativo
5,no corresponde con el de,11,22.0,negativo
5,no me a gustado no,11,22.0,negativo
5,me rompió el primer día,11,22.0,negativo
5,no es compatible con mi,22,22.0,negativo
5,ya que no me ha,11,22.0,negativo
5,no lo recomiendo ya que,11,22.0,negativo
5,no lo he recibido en,11,22.0,negativo
5,tirado a la basura el,11,22.0,negativo
5,lo voy a devolver y,11,22.0,negativo
5,no estoy contenta con la,11,22.0,negativo
5,que hice el pedido y,11,22.0,negativo
5,tenia que haber llegado el,11,22.0,negativo
5,o algo por el estilo,11,22.0,negativo
5,los he tenido que devolver,22,22.0,negativo
5,producto de muy baja calidad,22,22.0,negativo
5,pasado el plazo de devolución,11,22.0,negativo
5,que no me sirve para,11,22.0,negativo
5,no lo he recibido aun,11,22.0,negativo
5,no se ajusta a las,22,22.0,negativo
5,me ha llegado el artículo,11,22.0,negativo
5,lo he devuelto y me,11,22.0,negativo
5,hasta el punto de que,11,22.0,negativo
5,voy a devolver el producto,11,22.0,negativo
5,tenía que llegar el día,11,22.0,negativo
5,no me llego el pedido,11,22.0,negativo
5,a mi no me sirve,11,22.0,negativo
5,no merece la pena ni,11,22.0,negativo
5,a los dos días y,11,22.0,negativo
5,he tenido que devolver no,22,22.0,negativo
5,hasta que dejó de funcionar,11,22.0,negativo
5,he tenido que devolver la,11,22.0,negativo
5,no merece la pena se,11,22.0,negativo
5,cargo de los gastos de,11,22.0,negativo
5,con el vendedor a ver,11,22.0,negativo
5,no se parece a la,11,22.0,negativo
5,mes y medio de uso,11,22.0,negativo
5,no voy a volver a,11,22.0,negativo
5,el producto no me ha,53,21.2,negativo
5,al final he tenido que,21,21.0,negativo
5,no me llegó el producto,21,21.0,negativo
5,ha llegado en mal estado,21,21.0,negativo
5,no merece la pena la,31,20.666666666666668,negativo
5,no es una buena compra,10,20.0,negativo
5,es mas pequeño que el,10,20.0,negativo
5,estoy a la espera del,10,20.0,negativo
5,me devuelvan el dinero y,10,20.0,negativo
5,lo recomiendo a nadie no,10,20.0,negativo
5,en menos de dos semanas,10,20.0,negativo
5,y no ha vuelto a,10,20.0,negativo
5,no me ha sido entregado,10,20.0,negativo
5,por parte del vendedor y,10,20.0,negativo
5,me tendría que haber llegado,10,20.0,negativo
5,no cumple con las expectativas,20,20.0,negativo
5,que no cumple su función,10,20.0,negativo
5,calidad no lo recomiendo para,10,20.0,negativo
5,lo he llegado a recibir,10,20.0,negativo
5,la calidad es muy mala,30,20.0,negativo
5,como contactar con el vendedor,10,20.0,negativo
5,a la segunda vez de,10,20.0,negativo
5,he tenido mala suerte o,10,20.0,negativo
5,un producto que no es,10,20.0,negativo
5,no lo recomiendo no tiene,10,20.0,negativo
5,de muy mala calidad la,10,20.0,negativo
5,en la oficina de correos,10,20.0,negativo
5,he devuelto y he comprado,10,20.0,negativo
5,mi sorpresa ha sido que,10,20.0,negativo
5,mes y ya no funciona,10,20.0,negativo
5,a dia de hoy no,10,20.0,negativo
5,no aguanta el peso de,10,20.0,negativo
5,han durado ni una semana,10,20.0,negativo
5,al final tuve que comprar,10,20.0,negativo
5,no funciona no me ha,10,20.0,negativo
5,la foto no me ha,10,20.0,negativo
5,mal por parte del vendedor,10,20.0,negativo
5,en mi caso no funciona,10,20.0,negativo
5,me tenía que haber llegado,10,20.0,negativo
5,no se ajusta a lo,20,20.0,negativo
5,no lo devuelvo por que,10,20.0,negativo
5,ver con el de la,20,20.0,negativo
5,por lo que es imposible,10,20.0,negativo
5,rompió a los pocos días,10,20.0,negativo
5,a los pocos días no,10,20.0,negativo
5,no se pone en contacto,10,20.0,negativo
5,porque era un regalo y,10,20.0,negativo
5,a los minutos de uso,10,20.0,negativo
5,la pantalla no me ha,10,20.0,negativo
5,y al final tuve que,10,20.0,negativo
5,por parte del vendedor no,10,20.0,negativo
5,veces y las dos veces,10,20.0,negativo
5,el vendedor no me ha,10,20.0,negativo
5,no me había pasado nunca,10,20.0,negativo
5,el de la foto no,10,20.0,negativo
5,no me gusta el producto,10,20.0,negativo
5,dejado de funcionar después de,10,20.0,negativo
5,y cada vez que lo,10,20.0,negativo
5,en la fecha prevista pero,10,20.0,negativo
5,no cubre la pantalla del,10,20.0,negativo
5,se despega con mucha facilidad,10,20.0,negativo
5,que me hace pensar que,10,20.0,negativo
5,una pena porque el diseño,10,20.0,negativo
5,después de más de dos,10,20.0,negativo
5,no me ha gustado me,10,20.0,negativo
5,no cubre por completo la,10,20.0,negativo
5,y lo peor es que,49,19.6,negativo
5,no me ha gustado nada,397,19.365853658536587,negativo
5,son de muy mala calidad,48,19.2,negativo
5,ha durado menos de un,19,19.0,negativo
5,se perdió por el camino,19,19.0,negativo
5,dos veces y las dos,19,19.0,negativo
5,de uso se ha roto,19,19.0,negativo
5,y lo peor de todo,28,18.666666666666668,negativo
5,ha dejado de funcionar a,28,18.666666666666668,negativo
5,me han devuelto el dinero,130,18.571428571428573,negativo
5,no me gusta nada no,18,18.0,negativo
5,la pantalla no lo recomiendo,18,18.0,negativo
5,y ya se ha roto,45,18.0,negativo
5,dejado de funcionar a los,18,18.0,negativo
5,ha dejado de funcionar el,35,17.5,negativo
5,no se corresponde con lo,26,17.333333333333332,negativo
5,mi no me ha llegado,17,17.0,negativo
5,hace más de un mes,51,17.0,negativo
5,de un mes y no,17,17.0,negativo
5,no merece la pena por,17,17.0,negativo
5,dejó de funcionar a los,17,17.0,negativo
5,y todavía no lo he,17,17.0,negativo
5,no me ha llegado a,17,17.0,negativo
5,en la descripción del artículo,17,17.0,negativo
5,de contactar con el vendedor,25,16.666666666666668,negativo
5,amazon me devolvió el dinero,25,16.666666666666668,negativo
5,y no hay forma de,49,16.333333333333332,negativo
5,no sirve para nada se,16,16.0,negativo
5,he tenido que comprar otro,40,16.0,negativo
5,no lo recomiendo no es,24,16.0,negativo
5,de uso y ya se,16,16.0,negativo
5,hice el pedido el de,16,16.0,negativo
5,no corresponde con la descripción,16,16.0,negativo
5,se pone en contacto conmigo,16,16.0,negativo
5,ha dejado de funcionar en,16,16.0,negativo
5,ha durado ni una semana,16,16.0,negativo
5,a día de hoy no,39,15.6,negativo
5,ha dejado de funcionar al,23,15.333333333333334,negativo
5,de funcionar a los pocos,15,15.0,negativo
5,lo barato sale caro no,30,15.0,negativo
5,tenido que devolver porque no,15,15.0,negativo
5,han puesto en contacto conmigo,15,15.0,negativo
5,el producto no lo he,15,15.0,negativo
5,menos de un año se,15,15.0,negativo
5,de funcionar a la semana,15,15.0,negativo
5,me ha gustado nada lo,15,15.0,negativo
5,la volvería a comprar no,15,15.0,negativo
5,le doy tres estrellas porque,25,inf,neutro
5,le doy tres estrellas por,15,inf,neutro
5,no está mal pero tampoco,10,inf,neutro
5,le pongo tres estrellas porque,19,19.0,neutro
5,de momento estoy contenta con,10,inf,positivo
5,en el mundo de los,11,inf,positivo
5,contenta con la compra buena,11,inf,positivo
5,a la perfección con el,11,inf,positivo
5,ha cumplido todas mis expectativas,10,inf,positivo
5,muy fácil de utilizar y,12,inf,positivo
5,buena relación calidad precio las,15,inf,positivo
5,por eso le quito una,10,inf,positivo
5,eso le quito una estrella,10,inf,positivo
5,muy satisfecho de la compra,11,inf,positivo
5,nada que envidiar a las,15,inf,positivo
5,y me ha gustado mucho,17,inf,positivo
5,con la compra muy buena,10,inf,positivo
5,calidad precio fue un regalo,10,inf,positivo
5,y muy fácil de montar,13,inf,positivo
5,muy buena calidad del producto,11,inf,positivo
5,para mi hija y le,10,inf,positivo
5,buena relación calidad precio buena,22,inf,positivo
5,cumplen muy bien su función,14,inf,positivo
5,muy bien su función y,11,inf,positivo
5,buena compra me ha gustado,10,inf,positivo
5,de buena calidad es muy,10,inf,positivo
5,es tal como se indica,10,inf,positivo
5,justo lo que buscaba para,16,inf,positivo
5,le doy cuatro estrellas porque,14,inf,positivo
5,buen producto a muy buen,13,inf,positivo
5,a muy buen precio y,15,inf,positivo
5,producto buena relación calidad precio,11,inf,positivo
5,cumple perfectamente con las expectativas,14,inf,positivo
5,cumple perfectamente su función y,19,inf,positivo
5,poner una pega es que,10,inf,positivo
5,de usar y de limpiar,14,inf,positivo
5,buena relación calidad precio producto,11,inf,positivo
5,bien bien bien bien bien,13,inf,positivo
5,un precio más que razonable,11,inf,positivo
5,y estoy muy contento con,21,inf,positivo
5,fácil de usar y limpiar,11,inf,positivo
5,muy buena calidad lo recomiendo,10,inf,positivo
5,a un precio muy asequible,16,inf,positivo
5,un regalo para mi hermana,10,inf,positivo
5,es un muy buen producto,14,inf,positivo
5,pero en general muy bien,15,inf,positivo
5,relación calidad precio lo recomiendo,15,inf,positivo
5,buena relación calidad precio fácil,15,inf,positivo
5,excelente relación calidad precio muy,10,inf,positivo
5,se adaptan perfectamente a la,12,inf,positivo
5,de momento estoy muy contento,14,inf,positivo
5,es muy cómodo y fácil,10,inf,positivo
5,muy cómodo y fácil de,17,inf,positivo
5,a mi sobrina le ha,14,inf,positivo
5,mi sobrina le ha encantado,14,inf,positivo
5,a comprar sin ninguna duda,12,inf,positivo
5,con la compra a mi,12,inf,positivo
5,sin duda lo volvería a,10,inf,positivo
5,fácil de instalar y muy,12,inf,positivo
5,y ha sido un acierto,10,inf,positivo
5,y está como el primer,11,inf,positivo
5,satisfecho con la compra muy,11,inf,positivo
5,de años y le encantó,14,inf,positivo
5,se adaptan muy bien y,12,inf,positivo
5,muy buena calidad cumple con,10,inf,positivo
5,te engancha desde el principio,10,inf,positivo
5,y lo volvería a comprar,10,inf,positivo
5,la única pega que no,11,inf,positivo
5,ha sido todo un acierto,12,inf,positivo
5,muy buen producto lo recomiendo,11,inf,positivo
5,una excelente relación calidad precio,13,inf,positivo
5,y no se mueve nada,10,inf,positivo
5,con la compra buen producto,10,inf,positivo
5,perfecto tal y como se,22,inf,positivo
5,justo lo que buscaba y,10,inf,positivo
5,ok ok ok ok ok,22,inf,positivo
5,va muy bien lo recomiendo,10,inf,positivo
5,llegaron antes de lo previsto,15,inf,positivo
5,volvería a comprarlo sin duda,19,inf,positivo
5,cumple con todas las expectativas,14,inf,positivo
5,no le doy estrellas es,12,inf,positivo
5,lo único que le falta,14,inf,positivo
5,contenta con la compra de,14,inf,positivo
5,excelente relación calidad precio la,10,inf,positivo
5,relación calidad precio es excelente,17,inf,positivo
5,una buena compra sin duda,10,inf,positivo
5,momento funciona a la perfección,10,inf,positivo
5,es muy suave y no,12,inf,positivo
5,contento con la compra muy,23,inf,positivo
5,contenta con el producto es,10,inf,positivo
5,buena calidad a un precio,21,inf,positivo
5,caro pero merece la pena,10,inf,positivo
5,tiene nada que envidiar a,27,inf,positivo
5,nada que envidiar a otras,13,inf,positivo
5,buena compra a un precio,11,inf,positivo
5,es un poco caro pero,12,inf,positivo
5,muy bien a mi hijo,17,inf,positivo
5,muy contenta con el resultado,18,inf,positivo
5,que estoy muy contenta con,14,inf,positivo
5,y no me ha decepcionado,11,inf,positivo
5,satisfecho con la compra el,10,inf,positivo
5,recomiendo me ha gustado mucho,16,inf,positivo
5,estoy muy contento con ella,11,inf,positivo
5,para los amantes de la,14,inf,positivo
5,más bonita que en la,10,inf,positivo
5,recomiendo buena relación calidad precio,10,inf,positivo
5,por lo demas todo perfecto,10,inf,positivo
5,fácil de montar y queda,10,inf,positivo
5,y fácil de usar y,12,inf,positivo
5,y de buena calidad es,13,inf,positivo
5,nada que envidiar a los,18,inf,positivo
5,perfecto me ha gustado mucho,14,inf,positivo
5,calidad y a buen precio,10,inf,positivo
5,pero estoy muy contenta con,10,inf,positivo
5,contento con la compra es,23,inf,positivo
5,relación calidad precio fácil de,13,inf,positivo
5,verdad que me ha sorprendido,13,inf,positivo
5,llegó rápido y en perfecto,12,inf,positivo
5,práctico y fácil de usar,15,inf,positivo
5,a un precio muy razonable,10,inf,positivo
5,muy bien buena calidad y,10,inf,positivo
5,llegó de un día para,10,inf,positivo
5,el pedido llego antes de,10,inf,positivo
5,regalo y le ha encantado,11,inf,positivo
5,buena calidad y muy bonito,10,inf,positivo
5,años y le ha encantado,15,inf,positivo
5,un regalo y le encanto,10,inf,positivo
5,muy buena calidad a un,11,inf,positivo
5,en la foto muy buena,10,inf,positivo
5,funciona perfectamente y es muy,12,inf,positivo
5,estoy encantada con la compra,27,inf,positivo
5,muy buena calidad me ha,10,inf,positivo
5,y en muy buen estado,11,inf,positivo
5,sin duda una buena compra,11,inf,positivo
5,_ _ _ _ _,12,inf,positivo
5,una de las mejores compras,16,inf,positivo
5,me ha sorprendido muy gratamente,10,inf,positivo
5,con la compra y el,10,inf,positivo
5,y en perfecto estado muy,10,inf,positivo
5,muy satisfecho con la compra,80,160.0,positivo
5,justo lo que estaba buscando,33,66.0,positivo
5,muy contentos con la compra,33,66.0,positivo
5,no tiene nada que envidiar,32,64.0,positivo
5,contenta con la compra es,31,62.0,positivo
5,justo lo que necesitaba para,30,60.0,positivo
5,con la compra lo recomiendo,30,60.0,positivo
5,se adapta perfectamente a mi,29,58.0,positivo
5,y de muy buena calidad,84,56.0,positivo
5,contenta con la compra y,27,54.0,positivo
5,estoy muy satisfecho con la,27,54.0,positivo
5,fue un regalo y le,26,52.0,positivo
5,como se describe en el,25,50.0,positivo
5,es tal como se describe,25,50.0,positivo
5,buen precio y buena calidad,24,48.0,positivo
5,buena calidad y buen precio,46,46.0,positivo
5,contenta con la compra lo,23,46.0,positivo
5,j j j j j,23,46.0,positivo
5,en el mundo de la,23,46.0,positivo
5,bien me ha gustado mucho,21,42.0,positivo
5,le pongo las estrellas porque,21,42.0,positivo
5,contenta con la compra muy,20,40.0,positivo
5,contenta con la compra me,20,40.0,positivo
5,relación calidad precio me ha,20,40.0,positivo
5,la volvería a comprar sin,20,40.0,positivo
5,un regalo y la persona,19,38.0,positivo
5,de las mejores que he,19,38.0,positivo
5,me ha dado ningún problema,37,37.0,positivo
5,cumple perfectamente con su cometido,36,36.0,positivo
5,mejor de lo que esperaba,126,36.0,positivo
5,muy bien buena relación calidad,18,36.0,positivo
5,con la compra es un,18,36.0,positivo
5,con la compra el producto,18,36.0,positivo
5,tal y como lo describen,18,36.0,positivo
5,llegó antes de tiempo y,18,36.0,positivo
5,la mejor compra que he,18,36.0,positivo
5,un regalo y le encantó,35,35.0,positivo
5,bien a mi hijo le,17,34.0,positivo
5,y me va muy bien,17,34.0,positivo
5,de momento muy contento con,17,34.0,positivo
5,me ha llegado muy rápido,17,34.0,positivo
5,muy contento con el resultado,17,34.0,positivo
5,volvería a comprar sin dudarlo,17,34.0,positivo
5,muy contenta con mi compra,17,34.0,positivo
5,de las mejores compras que,17,34.0,positivo
5,de buena calidad y muy,33,33.0,positivo
5,muy buena calidad y muy,32,32.0,positivo
5,de lo que esperaba lo,16,32.0,positivo
5,buena relación calidad precio buen,16,32.0,positivo
5,buena relación calidad precio muy,48,32.0,positivo
5,calidad precio me ha gustado,16,32.0,positivo
5,cumple a la perfección con,16,32.0,positivo
5,es que me ha sorprendido,15,30.0,positivo
5,satisfecho con la compra es,15,30.0,positivo
5,es justo lo que estaba,15,30.0,positivo
5,cumple con todo lo que,15,30.0,positivo
5,no he tenido ningun problema,15,30.0,positivo
5,llego en perfecto estado y,15,30.0,positivo
5,a mi me ha gustado,15,30.0,positivo
5,muy bien para lo que,29,29.0,positivo
5,mucho mejor de lo que,29,29.0,positivo
5,muy contenta con la compra,289,28.9,positivo
5,rapidez en la entrega y,14,28.0,positivo
5,relación calidad precio es una,14,28.0,positivo
5,y buena relación calidad precio,28,28.0,positivo
5,buena calidad a buen precio,28,28.0,positivo
5,lo que estaba buscando y,14,28.0,positivo
5,buena relación calidad precio para,14,28.0,positivo
5,muy buen producto calidad precio,14,28.0,positivo
5,antes de lo esperado y,28,28.0,positivo
5,el resultado es muy bueno,14,28.0,positivo
5,las mejores compras que he,14,28.0,positivo
5,le doy cinco estrellas porque,27,27.0,positivo
5,contento con la compra la,27,27.0,positivo
5,estoy muy contento con la,66,26.4,positivo
5,y como se describe en,26,26.0,positivo
5,con la compra buena calidad,13,26.0,positivo
5,a mi hijo le encantan,13,26.0,positivo
5,en la foto buena calidad,13,26.0,positivo
5,el precio que tiene va,13,26.0,positivo
5,relación calidad precio esta muy,13,26.0,positivo
5,le pongo las cinco estrellas,13,26.0,positivo
5,es perfecto para lo que,13,26.0,positivo
5,me ha encantado el producto,13,26.0,positivo
5,muy bien lo compré para,13,26.0,positivo
5,muy bien a la pantalla,13,26.0,positivo
5,y a un precio razonable,13,26.0,positivo
5,fácil de poner y de,13,26.0,positivo
5,compra buena relación calidad precio,13,26.0,positivo
5,y no ocupa mucho espacio,13,26.0,positivo
5,más rápido de lo que,13,26.0,positivo
5,es el mejor que he,13,26.0,positivo
5,a mi sobrina de años,13,26.0,positivo
5,muy buena relación calidad precio,226,25.11111111111111,positivo
5,a un precio muy competitivo,25,25.0,positivo
5,buena relación calidad precio me,36,24.0,positivo
5,no le pongo las cinco,12,24.0,positivo
5,es lo mejor que he,12,24.0,positivo
5,y es de muy buena,12,24.0,positivo
5,la compra me ha gustado,12,24.0,positivo
5,muy bonito y de buena,12,24.0,positivo
5,muy fácil de poner y,24,24.0,positivo
5,para limpiar la pantalla y,12,24.0,positivo
5,precio me ha gustado mucho,12,24.0,positivo
5,y cumple perfectamente con su,12,24.0,positivo
5,volveré a comprar sin duda,12,24.0,positivo
5,por ponerle una pega el,12,24.0,positivo
5,a mi niña le encanta,12,24.0,positivo
5,mejor compra que he hecho,12,24.0,positivo
5,mejores compras que he hecho,12,24.0,positivo
5,lo volvería a comprar sin,47,23.5,positivo
5,volvería a comprar sin duda,47,23.5,positivo
5,muy contento con la compra,293,23.44,positivo
5,muy buena relacion calidad precio,35,23.333333333333332,positivo
5,producto es tal como se,23,23.0,positivo
5,a un precio muy bueno,23,23.0,positivo
5,y de buena calidad lo,23,23.0,positivo
5,recomiendo a todo el mundo,23,23.0,positivo
5,cumple su función a la,45,22.5,positivo
5,no me ha dado ningún,45,22.5,positivo
5,producto de muy buena calidad,45,22.5,positivo
5,le da un toque muy,11,22.0,positivo
5,bien contento con la compra,11,22.0,positivo
5,que se puede esperar de,11,22.0,positivo
5,una relación calidad precio muy,11,22.0,positivo
5,pero por lo demás perfecto,11,22.0,positivo
5,sigue como el primer día,22,22.0,positivo
5,calidad y a un precio,11,22.0,positivo
5,pero merece la pena por,11,22.0,positivo
5,y me ha sorprendido gratamente,11,22.0,positivo
5,ha gustado mucho este producto,11,22.0,positivo
5,me ha sorprendido lo bien,11,22.0,positivo
5,muy bien y se adapta,11,22.0,positivo
5,calidad precio están muy bien,11,22.0,positivo
5,y el precio es bueno,11,22.0,positivo
5,la batería dura mucho y,11,22.0,positivo
5,en perfecto estado y muy,11,22.0,positivo
5,buen producto relación calidad precio,11,22.0,positivo
5,justo lo que andaba buscando,11,22.0,positivo
5,buena relación calidad precio perfecto,11,22.0,positivo
5,estoy muy contenta con mi,11,22.0,positivo
5,me ha gustado mucho que,11,22.0,positivo
5,es justo lo que buscaba,53,21.2,positivo
5,igual que en la descripción,21,21.0,positivo
5,con la compra me ha,21,21.0,positivo
5,con su función y es,10,20.0,positivo
5,único pero es que es,10,20.0,positivo
5,y es muy cómoda de,10,20.0,positivo
5,bien y no se mueve,10,20.0,positivo
5,el día a día y,10,20.0,positivo
5,para empezar en el mundo,10,20.0,positivo
5,muy bien no le pongo,10,20.0,positivo
5,muy bien el único pero,10,20.0,positivo
5,precio buena relación calidad precio,10,20.0,positivo
5,tal y como se describen,10,20.0,positivo
5,contenta con la compra cumple,10,20.0,positivo
5,de momento estoy contento con,10,20.0,positivo
5,funciona a la perfección es,10,20.0,positivo
5,calidad precio muy bien es,10,20.0,positivo
5,muy bien y cumple su,10,20.0,positivo
5,buena calidad y muy buen,10,20.0,positivo
5,muy bien tal y como,20,20.0,positivo
5,muy buena calidad para el,10,20.0,positivo
5,estamos contentos con la compra,20,20.0,positivo
5,producto me ha gustado mucho,10,20.0,positivo
5,fácil de instalar y funciona,10,20.0,positivo
5,se puede lavar en la,10,20.0,positivo
5,que cumple con las expectativas,10,20.0,positivo
5,calidad precio lo compré para,10,20.0,positivo
5,y cumple bien su función,10,20.0,positivo
5,está muy bien para lo,10,20.0,positivo
5,de lo previsto y en,10,20.0,positivo
5,y de buena calidad muy,20,20.0,positivo
5,calidad precio muy buena es,10,20.0,positivo
5,no lo e probado pero,10,20.0,positivo
5,buen producto y buen precio,10,20.0,positivo
5,de momento va muy bien,30,20.0,positivo
5,con la compra es una,10,20.0,positivo
5,mucho mejor de lo esperado,10,20.0,positivo
5,cumple perfectamente su función la,10,20.0,positivo
5,el tacto es muy suave,10,20.0,positivo
5,rapido y en buen estado,10,20.0,positivo
5,es muy fácil de utilizar,10,20.0,positivo
5,incluso antes de lo previsto,10,20.0,positivo
5,buena calidad muy buen producto,10,20.0,positivo
5,me ha sorprendido para bien,10,20.0,positivo
5,se lo he comprado a,10,20.0,positivo
5,y con todo lo necesario,10,20.0,positivo
5,justo lo que necesitaba el,10,20.0,positivo
5,que son de buena calidad,10,20.0,positivo
5,relación calidad precio muy recomendable,10,20.0,positivo
5,buena calidad me ha gustado,10,20.0,positivo
5,a un precio más que,10,20.0,positivo
5,calidad muy contento con la,10,20.0,positivo
5,es justo lo que necesitaba,29,19.333333333333332,positivo
5,y estoy muy contenta con,19,19.0,positivo
5,mi hija está encantada con,19,19.0,positivo
5,y en perfecto estado el,19,19.0,positivo
5,y es justo lo que,19,19.0,positivo
5,muy fácil de instalar y,37,18.5,positivo
5,llego a tiempo y en,18,18.0,positivo
5,no le pongo cinco estrellas,18,18.0,positivo
5,pero por lo demás muy,27,18.0,positivo
5,buena calidad y fácil de,18,18.0,positivo
5,fácil de usar y de,18,18.0,positivo
5,con la compra de este,18,18.0,positivo
5,muy práctico y fácil de,18,18.0,positivo
5,muy contento con el producto,71,17.75,positivo
5,para un regalo y le,53,17.666666666666668,positivo
5,no le pongo las estrellas,44,17.6,positivo
5,y funciona a la perfección,35,17.5,positivo
5,y a un precio muy,26,17.333333333333332,positivo
5,funciona a las mil maravillas,17,17.0,positivo
5,estamos muy contentos con la,17,17.0,positivo
5,la persona que se lo,17,17.0,positivo
5,calidad precio es muy buena,51,17.0,positivo
5,tal y como se esperaba,17,17.0,positivo
5,un producto de muy buena,17,17.0,positivo
5,lo recomiendo a todo el,17,17.0,positivo
5,buena calidad por el precio,17,17.0,positivo
5,relación calidad precio muy buena,84,16.8,positivo
5,contenta con la compra el,25,16.666666666666668,positivo
5,ha llegado en perfecto estado,50,16.666666666666668,positivo
5,llegó antes de lo esperado,49,16.333333333333332,positivo
5,buena relación calidad precio lo,48,16.0,positivo
5,muy bien es lo que,16,16.0,positivo
5,muy bien me ha gustado,24,16.0,positivo
5,buen producto para el precio,16,16.0,positivo
5,estoy muy contenta con la,86,15.636363636363637,positivo
5,muy fácil de montar y,46,15.333333333333334,positivo
5,muy buena calidad de sonido,23,15.333333333333334,positivo
5,precio que tiene está genial,15,15.0,positivo
5,buena compra por el precio,15,15.0,positivo
5,antes de lo previsto y,60,15.0,positivo
5,me ha sorprendido la calidad,15,15.0,positivo
5,y tal y como se,15,15.0,positivo
5,muy bien no le doy,15,15.0,positivo
5,de buena calidad y a,15,15.0,positivo
5,tiempo y en perfectas condiciones,15,15.0,positivo
5,muy bien a la mano,15,15.0,positivo
5,muy contento con esta compra,15,15.0,positivo
5,tiene el tamaño perfecto para,15,15.0,positivo
5,contento con la compra de,15,15.0,positivo
5,me ha llegado antes de,15,15.0,positivo
5,es un producto muy bueno,15,15.0,positivo
5,contenta con la compra se,15,15.0,positivo
